date,Close,Volume
2012-01-11,0.723,1259414
2012-01-12,0.711,798386
2012-01-13,0.668,2112041
2012-01-16,0.635,925035
2012-01-17,0.666,2269983
2012-01-18,0.624,877042
2012-01-19,0.635,1010846
2012-01-20,0.648,1076399
2012-01-30,0.655,923797
2012-01-31,0.65,620033
2012-02-01,0.653,1507848
2012-02-02,0.67,738967
2012-02-03,0.682,1039459
2012-02-06,0.69,1299406
2012-02-07,0.675,1092323
2012-02-08,0.696,2008554
2012-02-09,0.701,1164093
2012-02-10,0.701,1130999
2012-02-13,0.718,1172847
2012-02-14,0.715,580792
2012-02-15,0.726,791499
2012-02-16,0.723,500557
2012-02-17,0.719,679878
2012-02-20,0.723,391840
2012-02-21,0.738,773069
2012-02-22,0.762,1931577
2012-02-23,0.76,1242343
2012-02-24,0.764,1364451
2012-02-27,0.763,1102135
2012-02-28,0.75,938067
2012-02-29,0.737,827837
2012-03-01,0.743,825474
2012-03-02,0.759,645977
2012-03-05,0.761,471584
2012-03-06,0.752,541517
2012-03-07,0.749,613845
2012-03-08,0.765,401792
2012-03-09,0.779,1229445
2012-03-12,0.786,1078038
2012-03-13,0.793,353075
2012-03-14,0.756,1256207
2012-03-15,0.747,1291506
2012-03-16,0.767,983076
2012-03-19,0.78,654366
2012-03-20,0.756,890519
2012-03-21,0.75,681999
2012-03-22,0.752,513536
2012-03-23,0.74,776488
2012-03-26,0.739,215878
2012-03-27,0.737,372739
2012-03-28,0.7,462983
2012-03-29,0.686,643975
2012-03-30,0.683,278797
2012-04-05,0.701,648609
2012-04-06,0.703,505093
2012-04-09,0.691,255384
2012-04-10,0.7,432217
2012-04-11,0.701,405370
2012-04-12,0.718,713463
2012-04-13,0.722,635922
2012-04-16,0.719,370352
2012-04-17,0.71,350163
2012-04-18,0.728,1247347
2012-04-19,0.728,618379
2012-04-20,0.729,546081
2012-04-23,0.686,1416034
2012-04-24,0.683,682601
2012-04-25,0.684,349221
2012-04-26,0.681,361390
2012-04-27,0.688,444965
2012-05-02,0.698,661551
2012-05-03,0.703,580505
2012-05-04,0.719,849685
2012-05-07,0.737,961354
2012-05-08,0.734,1159377
2012-05-09,0.724,644416
2012-05-10,0.732,759577
2012-05-11,0.722,581807
2012-05-14,0.722,884658
2012-05-15,0.724,431853
2012-05-16,0.714,609532
2012-05-17,0.72,512170
2012-05-18,0.712,310182
2012-05-21,0.708,625508
2012-05-22,0.721,427356
2012-05-23,0.716,190881
2012-05-24,0.716,608668
2012-05-25,0.706,350700
2012-05-28,0.712,863871
2012-05-29,0.725,570214
2012-05-30,0.732,505872
2012-05-31,0.74,851395
2012-06-01,0.739,424838
2012-06-04,0.723,399902
2012-06-05,0.721,246055
2012-06-06,0.72,187241
2012-06-07,0.717,172866
2012-06-08,0.721,606894
2012-06-11,0.744,889516
2012-06-12,0.741,1617944
2012-06-13,0.752,625822
2012-06-14,0.745,574178
2012-06-15,0.747,420843
2012-06-18,0.759,414609
2012-06-19,0.752,394249
2012-06-20,0.754,795285
2012-06-21,0.744,350100
2012-06-25,0.73,248727
2012-06-26,0.721,979512
2012-06-27,0.725,538399
2012-06-28,0.716,388719
2012-06-29,0.734,1030935
2012-07-02,0.75,484549
2012-07-03,0.749,417137
2012-07-04,0.743,265669
2012-07-05,0.728,771299
2012-07-06,0.745,1664872
2012-07-09,0.725,677716
2012-07-10,0.72,631006
2012-07-11,0.726,427004
2012-07-12,0.738,640806
2012-07-13,0.73,435718
2012-07-16,0.697,285047
2012-07-17,0.702,410815
2012-07-18,0.707,649551
2012-07-19,0.714,713165
2012-07-20,0.71,281833
2012-07-23,0.711,254231
2012-07-24,0.711,490172
2012-07-25,0.713,370049
2012-07-26,0.712,396289
2012-07-27,0.709,193437
2012-07-30,0.694,129821
2012-07-31,0.683,1392909
2012-08-01,0.695,811924
2012-08-02,0.695,396259
2012-08-03,0.719,596822
2012-08-06,0.736,846427
2012-08-07,0.741,390165
2012-08-08,0.735,287187
2012-08-09,0.748,622063
2012-08-10,0.748,260096
2012-08-13,0.732,202545
2012-08-14,0.742,809271
2012-08-15,0.734,402848
2012-08-16,0.729,172661
2012-08-17,0.727,428045
2012-08-20,0.736,739893
2012-08-21,0.753,959659
2012-08-22,0.752,690740
2012-08-23,0.755,681603
2012-08-24,0.739,348915
2012-08-27,0.728,575116
2012-08-28,0.733,1041455
2012-08-29,0.731,714670
2012-08-30,0.707,2098216
2012-08-31,0.713,703635
2012-09-03,0.729,914801
2012-09-04,0.728,410945
2012-09-05,0.736,637443
2012-09-06,0.744,504693
2012-09-07,0.766,1315268
2012-09-10,0.767,779668
2012-09-11,0.766,264110
2012-09-12,0.766,567211
2012-09-13,0.751,263807
2012-09-14,0.748,517151
2012-09-17,0.727,358803
2012-09-18,0.729,647044
2012-09-19,0.734,883205
2012-09-20,0.712,269997
2012-09-21,0.694,1044145
2012-09-24,0.696,1210178
2012-09-25,0.684,224576
2012-09-26,0.666,299802
2012-09-27,0.683,1262489
2012-09-28,0.696,1811374
2012-10-08,0.697,218137
2012-10-09,0.717,689315
2012-10-10,0.725,622088
2012-10-11,0.717,336412
2012-10-12,0.711,546107
2012-10-15,0.708,172887
2012-10-16,0.709,660981
2012-10-17,0.713,586842
2012-10-18,0.724,660800
2012-10-19,0.723,200999
2012-10-22,0.728,170946
2012-10-23,0.713,255885
2012-10-24,0.711,187707
2012-10-25,0.699,307468
2012-10-26,0.688,223240
2012-10-29,0.692,131865
2012-10-30,0.692,258520
2012-10-31,0.695,108355
2012-11-01,0.706,249390
2012-11-02,0.705,134040
2012-11-05,0.696,140449
2012-11-06,0.693,118025
2012-11-07,0.692,91882
2012-11-08,0.679,103003
2012-11-09,0.678,62687
2012-11-12,0.682,120950
2012-11-13,0.671,73750
2012-11-14,0.669,90478
2012-11-15,0.663,77339
2012-11-16,0.661,98281
2012-11-19,0.661,141239
2012-11-20,0.661,124099
2012-11-21,0.666,462706
2012-11-22,0.655,81410
2012-11-23,0.656,84378
2012-11-26,0.643,81136
2012-11-27,0.62,289685
2012-11-28,0.611,313015
2012-11-29,0.607,227926
2012-11-30,0.608,423819
2012-12-03,0.598,152450
2012-12-04,0.603,644277
2012-12-05,0.627,855071
2012-12-06,0.626,245122
2012-12-07,0.641,584986
2012-12-10,0.649,419438
2012-12-11,0.642,140421
2012-12-12,0.642,211085
2012-12-13,0.633,109484
2012-12-14,0.661,1426724
2012-12-17,0.654,277174
2012-12-18,0.649,330364
2012-12-19,0.654,430816
2012-12-20,0.661,324038
2012-12-21,0.671,456461
2012-12-24,0.683,327318
2012-12-25,0.697,438774
2012-12-26,0.711,298091
2012-12-27,0.703,640556
2012-12-28,0.709,403730
2012-12-31,0.713,469280
2013-01-04,0.708,195375
2013-01-07,0.721,413338
2013-01-08,0.737,802999
2013-01-09,0.735,464823
2013-01-10,0.743,373498
2013-01-11,0.731,401086
2013-01-14,0.762,581618
2013-01-15,0.78,665245
2013-01-16,0.774,335897
2013-01-17,0.768,402748
2013-01-18,0.79,888758
2013-01-21,0.794,322881
2013-01-22,0.774,636260
2013-01-23,0.781,365372
2013-01-24,0.759,643381
2013-01-25,0.763,318683
2013-01-28,0.786,431380
2013-01-29,0.792,427087
2013-01-30,0.784,376244
2013-01-31,0.78,237841
2013-02-01,0.783,431919
2013-02-04,0.771,378951
2013-02-05,0.784,436814
2013-02-06,0.791,816404
2013-02-07,0.806,809222
2013-02-08,0.822,1117258
2013-02-18,0.832,822441
2013-02-19,0.818,725873
2013-02-20,0.851,1055828
2013-02-21,0.838,821687
2013-02-22,0.835,453808
2013-02-25,0.854,687823
2013-02-26,0.85,852343
2013-02-27,0.842,531161
2013-02-28,0.86,479319
2013-03-01,0.885,800173
2013-03-04,0.863,947832
2013-03-05,0.887,728770
2013-03-06,0.902,638779
2013-03-07,0.88,695404
2013-03-08,0.863,538787
2013-03-11,0.867,208085
2013-03-12,0.836,806409
2013-03-13,0.832,377387
2013-03-14,0.84,447905
2013-03-15,0.853,646482
2013-03-18,0.85,660710
2013-03-19,0.841,260534
2013-03-20,0.864,809713
2013-03-21,0.88,690381
2013-03-22,0.878,325170
2013-03-25,0.88,331232
2013-03-26,0.872,504715
2013-03-27,0.882,305655
2013-03-28,0.864,416561
2013-03-29,0.86,339706
2013-04-01,0.875,192523
2013-04-02,0.847,390504
2013-04-03,0.829,218596
2013-04-08,0.854,351710
2013-04-09,0.86,197859
2013-04-10,0.849,224292
2013-04-11,0.849,114173
2013-04-12,0.844,81204
2013-04-15,0.834,291758
2013-04-16,0.842,142936
2013-04-17,0.866,268304
2013-04-18,0.871,225912
2013-04-19,0.891,607320
2013-04-22,0.915,545647
2013-04-23,0.892,389976
2013-04-24,0.926,604080
2013-04-25,0.898,711626
2013-04-26,0.89,496715
2013-05-02,0.914,346461
2013-05-03,0.938,553730
2013-05-06,0.953,481961
2013-05-07,0.95,393099
2013-05-08,0.982,434831
2013-05-09,0.99,518133
2013-05-10,0.987,506116
2013-05-13,0.991,1113491
2013-05-14,0.971,367971
2013-05-15,1.01,969604
2013-05-16,1.007,1480437
2013-05-17,1.017,579936
2013-05-20,1.048,651891
2013-05-21,1.073,664532
2013-05-22,1.039,968956
2013-05-23,1.043,1073341
2013-05-24,1.07,560496
2013-05-27,1.085,725470
2013-05-28,1.054,662145
2013-05-29,1.064,662322
2013-05-30,1.068,559016
2013-05-31,1.067,536093
2013-06-03,1.046,500841
2013-06-04,1.02,453726
2013-06-05,1.035,597635
2013-06-06,1.018,240875
2013-06-07,1.032,562565
2013-06-13,1.024,535753
2013-06-14,1.069,812226
2013-06-17,1.067,1009667
2013-06-18,1.068,627661
2013-06-19,1.064,885713
2013-06-20,1.023,726367
2013-06-21,1.027,695205
2013-06-24,0.963,870462
2013-06-25,0.986,1260763
2013-06-26,1.045,1680995
2013-06-27,1.02,1434098
2013-06-28,1.003,763320
2013-07-01,1.06,1881464
2013-07-02,1.083,3253971
2013-07-03,1.1,3206378
2013-07-04,1.087,2177873
2013-07-05,1.052,1104697
2013-07-08,1.027,2173860
2013-07-09,1.048,2159888
2013-07-10,1.069,1551141
2013-07-11,1.082,680921
2013-07-12,1.092,1808009
2013-07-15,1.138,2244858
2013-07-16,1.137,2725218
2013-07-17,1.126,1653199
2013-07-18,1.124,2143762
2013-07-19,1.106,2846603
2013-07-22,1.154,2570605
2013-07-23,1.173,2173728
2013-07-24,1.2,3732269
2013-07-25,1.147,2356048
2013-07-26,1.152,2626616
2013-07-29,1.124,2810274
2013-07-30,1.11,2314290
2013-07-31,1.122,2291752
2013-08-01,1.177,3684742
2013-08-02,1.169,3028625
2013-08-05,1.193,2086144
2013-08-06,1.196,1958857
2013-08-07,1.162,1974474
2013-08-08,1.171,2163543
2013-08-09,1.161,1815302
2013-08-12,1.152,1294422
2013-08-13,1.163,1780802
2013-08-14,1.172,2324774
2013-08-15,1.151,2405839
2013-08-16,1.117,1635159
2013-08-19,1.164,2250595
2013-08-20,1.16,1642534
2013-08-21,1.164,1712151
2013-08-22,1.181,1415174
2013-08-23,1.198,2624518
2013-08-26,1.22,1532379
2013-08-27,1.229,1594952
2013-08-28,1.209,1342590
2013-08-29,1.207,1237749
2013-08-30,1.171,1515886
2013-09-02,1.197,1291637
2013-09-03,1.214,982708
2013-09-04,1.215,1004941
2013-09-05,1.248,1095001
2013-09-06,1.262,1160556
2013-09-09,1.255,853885
2013-09-10,1.244,614481
2013-09-11,1.202,1129189
2013-09-12,1.207,1740595
2013-09-13,1.235,1820892
2013-09-16,1.257,2650734
2013-09-17,1.246,1263686
2013-09-18,1.265,1326950
2013-09-23,1.3,1386806
2013-09-24,1.305,1773285
2013-09-25,1.299,1274971
2013-09-26,1.281,1136326
2013-09-27,1.308,1151552
2013-09-30,1.346,964140
2013-10-08,1.36,1552940
2013-10-09,1.39,1386407
2013-10-10,1.349,1387562
2013-10-11,1.36,805656
2013-10-14,1.373,1184671
2013-10-15,1.365,1403711
2013-10-16,1.312,1798339
2013-10-17,1.299,1167330
2013-10-18,1.332,1284190
2013-10-21,1.376,1369935
2013-10-22,1.318,2017331
2013-10-23,1.289,1773683
2013-10-24,1.268,1238761
2013-10-25,1.252,1422296
2013-10-28,1.255,1553475
2013-10-29,1.234,2565582
2013-10-30,1.252,1256514
2013-10-31,1.211,1225140
2013-11-01,1.199,1427733
2013-11-04,1.202,1226397
2013-11-05,1.236,1767103
2013-11-06,1.22,2181917
2013-11-07,1.2,1702114
2013-11-08,1.189,1689148
2013-11-11,1.19,1118333
2013-11-12,1.206,1060822
2013-11-13,1.189,1412779
2013-11-14,1.225,2252498
2013-11-15,1.247,1580399
2013-11-18,1.268,1102709
2013-11-19,1.276,1222134
2013-11-20,1.274,1281284
2013-11-21,1.272,1044544
2013-11-22,1.268,785756
2013-11-25,1.272,624946
2013-11-26,1.265,641426
2013-11-27,1.308,1390282
2013-11-28,1.311,673984
2013-11-29,1.341,1217333
2013-12-02,1.208,2833708
2013-12-03,1.227,2560859
2013-12-04,1.22,1033548
2013-12-05,1.18,888988
2013-12-06,1.186,948119
2013-12-09,1.217,1403122
2013-12-10,1.208,946716
2013-12-11,1.228,961679
2013-12-12,1.252,1752944
2013-12-13,1.251,1106608
2013-12-16,1.255,1179003
2013-12-17,1.239,1759369
2013-12-18,1.228,648458
2013-12-19,1.234,1441458
2013-12-20,1.23,1139684
2013-12-23,1.215,657204
2013-12-24,1.236,902230
2013-12-25,1.262,1387214
2013-12-26,1.243,1533253
2013-12-27,1.273,1123102
2013-12-30,1.28,1317752
2013-12-31,1.274,629995
2014-01-02,1.306,1371415
2014-01-03,1.325,1549657
2014-01-06,1.299,1474597
2014-01-07,1.324,1643133
2014-01-08,1.375,2236755
2014-01-09,1.348,1661875
2014-01-10,1.324,1127778
2014-01-13,1.336,687060
2014-01-14,1.377,1013576
2014-01-15,1.39,1794092
2014-01-16,1.371,1011538
2014-01-17,1.367,1364668
2014-01-20,1.342,1104931
2014-01-21,1.381,1407239
2014-01-22,1.399,1914607
2014-01-23,1.43,2496424
2014-01-24,1.453,1620570
2014-01-27,1.445,1829349
2014-01-28,1.441,2229167
2014-01-29,1.466,999432
2014-01-30,1.463,755076
2014-02-07,1.498,1446143
2014-02-10,1.516,1424599
2014-02-11,1.492,1855477
2014-02-12,1.506,1460443
2014-02-13,1.45,1999374
2014-02-14,1.479,2312393
2014-02-17,1.521,2336671
2014-02-18,1.507,2458289
2014-02-19,1.506,2093162
2014-02-20,1.483,2464430
2014-02-21,1.483,2168142
2014-02-24,1.505,2596070
2014-02-25,1.432,3793905
2014-02-26,1.431,3915338
2014-02-27,1.385,2045747
2014-02-28,1.4,3037514
2014-03-03,1.43,2222959
2014-03-04,1.421,2279676
2014-03-05,1.427,1431035
2014-03-06,1.426,2027560
2014-03-07,1.428,1117262
2014-03-10,1.37,2071785
2014-03-11,1.363,1223449
2014-03-12,1.364,2899146
2014-03-13,1.405,1965718
2014-03-14,1.398,2262447
2014-03-17,1.438,1709493
2014-03-18,1.444,2182822
2014-03-19,1.427,1939611
2014-03-20,1.382,1474125
2014-03-21,1.382,2656925
2014-03-24,1.359,1093322
2014-03-25,1.359,1538894
2014-03-26,1.385,2039386
2014-03-27,1.332,1502041
2014-03-28,1.292,1679092
2014-03-31,1.297,1541677
2014-04-01,1.321,2168072
2014-04-02,1.292,1483742
2014-04-03,1.294,1889494
2014-04-04,1.314,2218644
2014-04-08,1.318,1285204
2014-04-09,1.336,2179887
2014-04-10,1.347,1856710
2014-04-11,1.329,1637871
2014-04-14,1.339,1121190
2014-04-15,1.333,754967
2014-04-16,1.328,519955
2014-04-17,1.337,843355
2014-04-18,1.344,768585
2014-04-21,1.329,894625
2014-04-22,1.303,748427
2014-04-23,1.297,346562
2014-04-24,1.284,779106
2014-04-25,1.26,1564442
2014-04-28,1.228,2333116
2014-04-29,1.235,1617217
2014-04-30,1.254,1267690
2014-05-05,1.272,1926225
2014-05-06,1.285,1632969
2014-05-07,1.257,542949
2014-05-08,1.252,1132376
2014-05-09,1.23,1199351
2014-05-12,1.252,1323039
2014-05-13,1.245,1596612
2014-05-14,1.253,809006
2014-05-15,1.223,1163372
2014-05-16,1.202,1191425
2014-05-19,1.203,1117824
2014-05-20,1.22,1474573
2014-05-21,1.234,1078509
2014-05-22,1.242,1916107
2014-05-23,1.27,1328109
2014-05-26,1.289,2095019
2014-05-27,1.277,1405584
2014-05-28,1.314,1908134
2014-05-29,1.287,2172674
2014-05-30,1.291,1829122
2014-06-03,1.287,1729296
2014-06-04,1.295,1854614
2014-06-05,1.325,2539179
2014-06-06,1.321,2454250
2014-06-09,1.294,1061739
2014-06-10,1.324,2540289
2014-06-11,1.337,2082832
2014-06-12,1.334,1500821
2014-06-13,1.35,1847799
2014-06-16,1.363,1646778
2014-06-17,1.35,1726760
2014-06-18,1.337,1379141
2014-06-19,1.291,2343008
2014-06-20,1.305,2289472
2014-06-23,1.332,2050762
2014-06-24,1.342,1357536
2014-06-25,1.328,1625877
2014-06-26,1.355,2865133
2014-06-27,1.357,1810901
2014-06-30,1.372,2132771
2014-07-01,1.381,1989055
2014-07-02,1.389,1565389
2014-07-03,1.389,930799
2014-07-04,1.381,1162540
2014-07-07,1.364,1673480
2014-07-08,1.381,1899868
2014-07-09,1.353,2267807
2014-07-10,1.332,1504635
2014-07-11,1.329,1232699
2014-07-14,1.338,1964719
2014-07-15,1.311,1655201
2014-07-16,1.289,1659017
2014-07-17,1.282,2388855
2014-07-18,1.279,1522789
2014-07-21,1.278,2104827
2014-07-22,1.301,2083040
2014-07-23,1.263,2167829
2014-07-24,1.242,2427568
2014-07-25,1.257,2108294
2014-07-28,1.285,2124616
2014-07-29,1.3,2093336
2014-07-30,1.313,1734089
2014-07-31,1.313,1482057
2014-08-01,1.29,1828267
2014-08-04,1.299,1324697
2014-08-05,1.332,3399830
2014-08-06,1.335,2557249
2014-08-07,1.332,2264206
2014-08-08,1.347,924301
2014-08-11,1.366,1424730
2014-08-12,1.364,1347881
2014-08-13,1.35,1047299
2014-08-14,1.346,990951
2014-08-15,1.36,645215
2014-08-18,1.396,2110494
2014-08-19,1.404,1437207
2014-08-20,1.392,944493
2014-08-21,1.415,1608578
2014-08-22,1.429,1253332
2014-08-25,1.408,1748332
2014-08-26,1.377,1779183
2014-08-27,1.388,1326304
2014-08-28,1.37,1734623
2014-08-29,1.394,1215674
2014-09-01,1.417,1230374
2014-09-02,1.43,1350604
2014-09-03,1.439,1353607
2014-09-04,1.457,1117499
2014-09-05,1.46,1027087
2014-09-09,1.458,1329015
2014-09-10,1.467,1363599
2014-09-11,1.471,2196310
2014-09-12,1.483,1223789
2014-09-15,1.483,1252126
2014-09-16,1.438,1643378
2014-09-17,1.44,1753725
2014-09-18,1.456,1622086
2014-09-19,1.46,882396
2014-09-22,1.442,1239092
2014-09-23,1.461,1049934
2014-09-24,1.479,719672
2014-09-25,1.469,645671
2014-09-26,1.472,613749
2014-09-29,1.489,682812
2014-09-30,1.5,591021
2014-10-08,1.515,596334
2014-10-09,1.519,1037143
2014-10-10,1.512,918651
2014-10-13,1.505,1270657
2014-10-14,1.493,1408687
2014-10-15,1.502,937982
2014-10-16,1.482,906413
2014-10-17,1.47,1305246
2014-10-20,1.495,789582
2014-10-21,1.474,911274
2014-10-22,1.464,739403
2014-10-23,1.438,1142806
2014-10-24,1.441,830802
2014-10-27,1.453,875690
2014-10-28,1.483,972288
2014-10-29,1.489,658943
2014-10-30,1.481,573939
2014-10-31,1.473,898438
2014-11-03,1.491,1521726
2014-11-04,1.47,1206133
2014-11-05,1.471,1089532
2014-11-06,1.492,1318310
2014-11-07,1.477,1562924
2014-11-10,1.476,688923
2014-11-11,1.425,1039873
2014-11-12,1.44,1206082
2014-11-13,1.407,1989274
2014-11-14,1.406,1631300
2014-11-17,1.432,2288325
2014-11-18,1.441,2235199
2014-11-19,1.464,1893386
2014-11-20,1.451,893743
2014-11-21,1.462,1392309
2014-11-24,1.47,515242
2014-11-25,1.496,1763351
2014-11-26,1.51,996985
2014-11-27,1.518,925768
2014-11-28,1.524,1460914
2014-12-01,1.505,638226
2014-12-02,1.517,1008288
2014-12-03,1.559,3634521
2014-12-04,1.579,3579510
2014-12-05,1.529,1602144
2014-12-08,1.518,1561446
2014-12-09,1.464,1483176
2014-12-10,1.536,1652100
2014-12-11,1.546,1758038
2014-12-12,1.569,3555972
2014-12-15,1.601,3119282
2014-12-16,1.59,2275194
2014-12-17,1.595,1601654
2014-12-18,1.577,1693570
2014-12-19,1.541,1484180
2014-12-22,1.47,2255974
2014-12-23,1.461,2203349
2014-12-24,1.48,1904740
2014-12-25,1.48,1462511
2014-12-26,1.488,749342
2014-12-29,1.463,987715
2014-12-30,1.423,670700
2014-12-31,1.43,1859286
2015-01-05,1.424,2227002
2015-01-06,1.502,5273028
2015-01-07,1.474,5820003
2015-01-08,1.493,3789821
2015-01-09,1.503,3869420
2015-01-12,1.54,3358343
2015-01-13,1.551,2253852
2015-01-14,1.536,1413702
2015-01-15,1.534,1966261
2015-01-16,1.592,2330181
2015-01-19,1.579,7977037
2015-01-20,1.657,5223034
2015-01-21,1.668,3539652
2015-01-22,1.683,3227682
2015-01-23,1.638,1632896
2015-01-26,1.686,3345613
2015-01-27,1.688,2664797
2015-01-28,1.668,2591469
2015-01-29,1.652,1348225
2015-01-30,1.623,922306
2015-02-02,1.639,2259329
2015-02-03,1.693,2628277
2015-02-04,1.698,2268565
2015-02-05,1.709,3652200
2015-02-06,1.661,2145361
2015-02-09,1.645,1900737
2015-02-10,1.685,1999417
2015-02-11,1.705,2278237
2015-02-12,1.72,2737831
2015-02-13,1.761,2894763
2015-02-16,1.83,2431714
2015-02-17,1.82,2654238
2015-02-25,1.803,2709116
2015-02-26,1.814,2348805
2015-02-27,1.863,3111361
2015-03-02,1.914,3172607
2015-03-03,1.883,4994665
2015-03-04,1.94,3423007
2015-03-05,1.938,3487308
2015-03-06,1.88,3228519
2015-03-09,1.927,3978675
2015-03-10,1.972,4325495
2015-03-11,1.96,3144627
2015-03-12,1.94,3560430
2015-03-13,1.992,4168893
2015-03-16,2.061,4007189
2015-03-17,2.053,3411386
2015-03-18,2.099,4991478
2015-03-19,2.095,3171081
2015-03-20,2.126,5335737
2015-03-23,2.206,4724743
2015-03-24,2.273,7047471
2015-03-25,2.288,7446609
2015-03-26,2.19,3636202
2015-03-27,2.228,6775769
2015-03-30,2.193,3703909
2015-03-31,2.247,5873711
2015-04-01,2.296,5257417
2015-04-02,2.369,5195590
2015-04-03,2.391,6321722
2015-04-07,2.438,3927645
2015-04-08,2.377,5641121
2015-04-09,2.466,5934667
2015-04-10,2.424,6546874
2015-04-13,2.451,3947227
2015-04-14,2.44,4012894
2015-04-15,2.33,5447841
2015-04-16,2.375,5385600
2015-04-17,2.368,3534355
2015-04-20,2.318,5087122
2015-04-21,2.496,4654025
2015-04-22,2.524,4533162
2015-04-23,2.598,4687813
2015-04-24,2.645,4511858
2015-04-27,2.65,3354762
2015-04-28,2.583,5309015
2015-04-29,2.723,4034541
2015-04-30,2.748,7016809
2015-05-04,2.74,6728004
2015-05-05,2.67,5041356
2015-05-06,2.738,7597775
2015-05-07,2.686,6396025
2015-05-08,2.894,5851599
2015-05-11,3.05,5692288
2015-05-12,3.129,8768275
2015-05-13,3.036,7302386
2015-05-14,3.008,6678157
2015-05-15,3.016,9669899
2015-05-18,3.157,5332171
2015-05-19,3.185,8042297
2015-05-20,3.264,6081225
2015-05-21,3.41,5914396
2015-05-22,3.382,8721782
2015-05-25,3.327,7936813
2015-05-26,3.463,7064685
2015-05-27,3.463,6649790
2015-05-28,3.29,9724501
2015-05-29,3.384,11029589
2015-06-01,3.568,6905522
2015-06-02,3.768,9408448
2015-06-03,3.79,11312070
2015-06-04,3.751,10838017
2015-06-05,3.703,7853468
2015-06-08,3.533,7004367
2015-06-09,3.526,8024676
2015-06-10,3.66,8315775
2015-06-11,3.666,8255892
2015-06-12,3.704,7650872
2015-06-15,3.512,6693332
2015-06-16,3.402,7907814
2015-06-17,3.545,9467387
2015-06-18,3.32,7969935
2015-06-19,3.15,7740591
2015-06-23,3.208,8647159
2015-06-24,3.199,7390080
2015-06-25,3.03,4183574
2015-06-26,2.767,4186874
2015-06-29,2.49,3025610
2015-06-30,2.733,5498479
2015-07-01,2.56,8513714
2015-07-02,2.47,9082066
2015-07-03,2.457,10150517
2015-07-06,2.33,6778303
2015-07-07,2.097,2027704
2015-07-08,1.899,3956613
2015-07-09,2.089,1466701
2015-07-10,2.298,571718
2015-07-13,2.528,1835720
2015-07-14,2.657,4015740
2015-07-15,2.405,3747267
2015-07-16,2.489,4253141
2015-07-17,2.688,6152503
2015-07-20,2.69,8164417
2015-07-21,2.707,7875079
2015-07-22,2.754,9025412
2015-07-23,2.82,5963832
2015-07-24,2.74,6432457
2015-07-27,2.466,6865934
2015-07-28,2.395,6679256
2015-07-29,2.573,7529226
2015-07-30,2.4,6987260
2015-07-31,2.368,5169819
2015-08-03,2.24,2227807
2015-08-04,2.442,3029092
2015-08-05,2.358,2658624
2015-08-06,2.35,2253453
2015-08-07,2.459,2562424
2015-08-10,2.622,3762882
2015-08-11,2.565,3637730
2015-08-12,2.489,3317293
2015-08-13,2.558,4253217
2015-08-14,2.525,3392291
2015-08-17,2.505,3678989
2015-08-18,2.343,3849366
2015-08-19,2.422,3798636
2015-08-20,2.362,3520157
2015-08-21,2.226,3612022
2015-08-24,2.003,2749950
2015-08-25,1.803,1948999
2015-08-26,1.74,2353641
2015-08-27,1.801,2527132
2015-08-28,1.941,2512523
2015-08-31,1.83,2160590
2015-09-01,1.725,1523962
2015-09-02,1.69,1771556
2015-09-07,1.763,1964202
2015-09-08,1.888,3320887
2015-09-09,1.943,4516089
2015-09-10,1.899,3162328
2015-09-11,1.922,2223667
2015-09-14,1.73,2586836
2015-09-15,1.633,2288038
2015-09-16,1.796,2421366
2015-09-17,1.763,2508527
2015-09-18,1.825,1769144
2015-09-21,1.965,3301091
2015-09-22,1.939,3695108
2015-09-23,1.915,2171927
2015-09-24,1.933,2236869
2015-09-25,1.845,1978567
2015-09-28,1.979,2162329
2015-09-29,1.952,1963694
2015-09-30,1.935,1583677
2015-10-08,2.08,2298005
2015-10-09,2.103,1803510
2015-10-12,2.22,4309404
2015-10-13,2.226,1942782
2015-10-14,2.182,1914012
2015-10-15,2.298,2391768
2015-10-16,2.329,3004237
2015-10-19,2.294,3166378
2015-10-20,2.391,2478902
2015-10-21,2.22,4242407
2015-10-22,2.348,3700304
2015-10-23,2.427,3567893
2015-10-26,2.398,2832338
2015-10-27,2.444,3160521
2015-10-28,2.36,2692978
2015-10-29,2.352,2725336
2015-10-30,2.349,3543975
2015-11-02,2.311,2367417
2015-11-03,2.305,2026363
2015-11-04,2.489,3304479
2015-11-05,2.443,4424903
2015-11-06,2.548,3280867
2015-11-09,2.583,3146623
2015-11-10,2.609,3159369
2015-11-11,2.68,2452364
2015-11-12,2.648,2654557
2015-11-13,2.58,2845473
2015-11-16,2.67,2734824
2015-11-17,2.569,3409453
2015-11-18,2.516,2942607
2015-11-19,2.624,3625920
2015-11-20,2.645,3210896
2015-11-23,2.619,3022552
2015-11-24,2.663,2836073
2015-11-25,2.746,3345482
2015-11-26,2.674,3290004
2015-11-27,2.496,5056396
2015-11-30,2.52,5203564
2015-12-01,2.507,3351539
2015-12-02,2.454,3197754
2015-12-03,2.561,3812405
2015-12-04,2.53,2576537
2015-12-07,2.571,2552821
2015-12-08,2.531,2415193
2015-12-09,2.51,2427621
2015-12-10,2.526,2722032
2015-12-11,2.51,1970367
2015-12-14,2.555,2504075
2015-12-15,2.577,2636008
2015-12-16,2.593,2537198
2015-12-17,2.674,2707358
2015-12-18,2.668,2117621
2015-12-21,2.663,2297002
2015-12-22,2.656,1798790
2015-12-23,2.6,2424334
2015-12-24,2.624,2494359
2015-12-25,2.62,2236704
2015-12-28,2.551,1865996
2015-12-29,2.58,1865284
2015-12-30,2.605,1631224
2015-12-31,2.539,1343768
2016-01-04,2.306,1875801
2016-01-05,2.275,3867289
2016-01-06,2.321,3417992
2016-01-07,2.096,1203798
2016-01-08,2.125,4174901
2016-01-11,1.999,4643732
2016-01-12,2.036,2609035
2016-01-13,1.964,2055166
2016-01-14,2.072,2218448
2016-01-15,1.997,2574903
2016-01-18,2.07,2912857
2016-01-19,2.126,3527495
2016-01-20,2.085,3131662
2016-01-21,2.006,2873125
2016-01-22,2.042,3147389
2016-01-25,2.04,1795250
2016-01-26,1.888,4044459
2016-01-27,1.887,4303859
2016-01-28,1.808,2629486
2016-01-29,1.879,2911766
2016-02-01,1.895,2481211
2016-02-02,1.972,3045712
2016-02-03,1.988,2885674
2016-02-04,2.024,5669151
2016-02-05,1.999,4615432
2016-02-15,2.017,4167725
2016-02-16,2.099,4250795
2016-02-17,2.109,4345463
2016-02-18,2.09,4214813
2016-02-19,2.106,5694718
2016-02-22,2.142,4314314
2016-02-23,2.117,3993192
2016-02-24,2.097,4070632
2016-02-25,1.896,8334199
2016-02-26,1.902,5943378
2016-02-29,1.77,4588137
2016-03-01,1.824,4719124
2016-03-02,1.912,5727378
2016-03-03,1.902,6073920
2016-03-04,1.81,6328748
2016-03-07,1.853,6205238
2016-03-08,1.888,7583684
2016-03-09,1.848,5798796
2016-03-10,1.835,5021458
2016-03-11,1.834,4022368
2016-03-14,1.925,6539860
2016-03-15,1.891,5133046
2016-03-16,1.878,5759163
2016-03-17,1.991,11204059
2016-03-18,2.076,10227920
2016-03-21,2.116,6438543
2016-03-22,2.099,6730784
2016-03-23,2.148,7245496
2016-03-24,2.1,7282058
2016-03-25,2.099,6181155
2016-03-28,2.073,5507096
2016-03-29,2.039,5438191
2016-03-30,2.134,5627064
2016-03-31,2.119,5153021
2016-04-01,2.097,5730624
2016-04-05,2.168,6790260
2016-04-06,2.181,6042148
2016-04-07,2.145,4668404
2016-04-08,2.125,4759335
2016-04-11,2.17,4797405
2016-04-12,2.162,4846060
2016-04-13,2.177,5861528
2016-04-14,2.212,5585268
2016-04-15,2.195,3395353
2016-04-18,2.16,4743527
2016-04-19,2.161,4712872
2016-04-20,2.03,7695534
2016-04-21,2.003,4630005
2016-04-22,2.038,3644602
2016-04-25,2.023,2980270
2016-04-26,2.054,3170106
2016-04-27,2.041,3197011
2016-04-28,2.048,3045858
2016-04-29,2.033,2465148
2016-05-03,2.112,5746738
2016-05-04,2.102,4067831
2016-05-05,2.116,3961828
2016-05-06,2.018,6311791
2016-05-09,1.955,4445741
2016-05-10,1.95,3339784
2016-05-11,1.93,3649159
2016-05-12,1.932,3220815
2016-05-13,1.92,2925200
2016-05-16,1.953,3143015
2016-05-17,1.977,4567618
2016-05-18,1.921,3250508
2016-05-19,1.938,3092648
2016-05-20,1.961,3718798
2016-05-23,1.992,3580265
2016-05-24,1.975,3347928
2016-05-25,1.965,2982243
2016-05-26,1.985,4621033
2016-05-27,1.968,3193706
2016-05-30,1.959,2481897
2016-05-31,2.069,5272627
2016-06-01,2.067,4225593
2016-06-02,2.088,3056935
2016-06-03,2.109,5251021
2016-06-06,2.102,3063377
2016-06-07,2.098,2731964
2016-06-08,2.092,3138997
2016-06-13,1.967,4376778
2016-06-14,1.967,3925353
2016-06-15,2.04,5174330
2016-06-16,2.009,3447652
2016-06-17,2.034,4317038
2016-06-20,2.03,3292488
2016-06-21,2.007,3818565
2016-06-22,2.055,4266318
2016-06-23,2.051,3853563
2016-06-24,2.043,6498082
2016-06-27,2.109,5492111
2016-06-28,2.128,5171557
2016-06-29,2.121,3372756
2016-06-30,2.132,3036062
2016-07-01,2.116,3334125
2016-07-04,2.153,3971360
2016-07-05,2.148,3251296
2016-07-06,2.148,1919199
2016-07-07,2.141,2175192
2016-07-08,2.145,2692981
2016-07-11,2.125,1877318
2016-07-12,2.155,3655280
2016-07-13,2.188,4236044
2016-07-14,2.19,3339479
2016-07-15,2.164,3138970
2016-07-18,2.148,3769672
2016-07-19,2.173,3451598
2016-07-20,2.165,2697472
2016-07-21,2.167,2412059
2016-07-22,2.154,2092158
2016-07-25,2.146,1683287
2016-07-26,2.182,2308505
2016-07-27,2.061,6514483
2016-07-28,2.044,3956703
2016-07-29,2.031,2351326
2016-08-01,2.013,3943984
2016-08-02,2.025,2179841
2016-08-03,2.017,1797202
2016-08-04,2.04,1795408
2016-08-05,2.022,1474876
2016-08-08,2.041,2156866
2016-08-09,2.061,2343517
2016-08-10,2.043,2688114
2016-08-11,2.017,1989860
2016-08-12,2.035,1671247
2016-08-15,2.103,5594114
2016-08-16,2.105,2962461
2016-08-17,2.112,2381912
2016-08-18,2.108,2059277
2016-08-19,2.112,1427763
2016-08-22,2.072,1819292
2016-08-23,2.084,2170011
2016-08-24,2.098,2550871
2016-08-25,2.088,2636163
2016-08-26,2.095,2007330
2016-08-29,2.101,1325362
2016-08-30,2.104,1285239
2016-08-31,2.099,1672853
2016-09-01,2.084,1537773
2016-09-02,2.081,1254711
2016-09-05,2.088,1422011
2016-09-06,2.128,2970898
2016-09-07,2.114,3124352
2016-09-08,2.128,1232864
2016-09-09,2.109,1152942
2016-09-12,2.06,3530166
2016-09-13,2.055,1562229
2016-09-14,2.051,1326871
2016-09-19,2.072,1175238
2016-09-20,2.066,741129
2016-09-21,2.068,718914
2016-09-22,2.072,912522
2016-09-23,2.065,649535
2016-09-26,2.032,1414239
2016-09-27,2.049,1854730
2016-09-28,2.05,1151938
2016-09-29,2.058,776504
2016-09-30,2.062,512110
2016-10-10,2.119,1760306
2016-10-11,2.118,1037591
2016-10-12,2.116,893656
2016-10-13,2.113,1109354
2016-10-14,2.104,894258
2016-10-17,2.079,1174630
2016-10-18,2.107,1534366
2016-10-19,2.092,1058788
2016-10-20,2.101,789524
2016-10-21,2.09,1013664
2016-10-24,2.109,2202418
2016-10-25,2.109,1037451
2016-10-26,2.094,1152149
2016-10-27,2.092,666249
2016-10-28,2.071,1489418
2016-10-31,2.071,1238523
2016-11-01,2.082,1340308
2016-11-02,2.054,1336702
2016-11-03,2.062,2105738
2016-11-04,2.056,1687288
2016-11-07,2.043,1108717
2016-11-08,2.063,1592791
2016-11-09,2.032,1814599
2016-11-10,2.053,1723974
2016-11-11,2.06,1686738
2016-11-14,2.07,2135289
2016-11-15,2.089,2037412
2016-11-16,2.091,2662781
2016-11-17,2.074,1234155
2016-11-18,2.07,862820
2016-11-21,2.061,1145398
2016-11-22,2.086,2150689
2016-11-23,2.075,2436438
2016-11-24,2.054,1559166
2016-11-25,2.076,2058857
2016-11-28,2.071,1605870
2016-11-29,2.073,2059938
2016-11-30,2.092,3042287
2016-12-01,2.089,1338251
2016-12-02,2.055,2227677
2016-12-05,2.055,1910269
2016-12-06,2.036,1662374
2016-12-07,2.044,1043243
2016-12-08,2.028,1088350
2016-12-09,2.013,1477669
2016-12-12,1.902,3580867
2016-12-13,1.9,2565921
2016-12-14,1.88,1455802
2016-12-15,1.893,1553879
2016-12-16,1.908,1544205
2016-12-19,1.896,576976
2016-12-20,1.897,966099
2016-12-21,1.904,872115
2016-12-22,1.897,533975
2016-12-23,1.874,675523
2016-12-26,1.886,938586
2016-12-27,1.881,700095
2016-12-28,1.87,598143
2016-12-29,1.876,597377
2016-12-30,1.881,1208165
2017-01-03,1.881,569142
2017-01-04,1.907,1268433
2017-01-05,1.901,808785
2017-01-06,1.886,637273
2017-01-09,1.878,455546
2017-01-10,1.869,637245
2017-01-11,1.857,977105
2017-01-12,1.849,1064767
2017-01-13,1.82,1101223
2017-01-16,1.756,2571600
2017-01-17,1.787,2907816
2017-01-18,1.767,1505930
2017-01-19,1.768,1167288
2017-01-20,1.801,1821481
2017-01-23,1.807,626704
2017-01-24,1.786,708059
2017-01-25,1.794,473826
2017-01-26,1.804,430826
2017-02-03,1.802,412051
2017-02-06,1.82,928864
2017-02-07,1.807,713488
2017-02-08,1.822,919020
2017-02-09,1.833,1049925
2017-02-10,1.824,702526
2017-02-13,1.833,938694
2017-02-14,1.827,897032
2017-02-15,1.812,659948
2017-02-16,1.817,676779
2017-02-17,1.801,847230
2017-02-20,1.817,989914
2017-02-21,1.842,1152993
2017-02-22,1.838,1021327
2017-02-23,1.848,1113450
2017-02-24,1.859,1044113
2017-02-27,1.847,879682
2017-02-28,1.846,865102
2017-03-01,1.85,871857
2017-03-02,1.841,547043
2017-03-03,1.849,737075
2017-03-06,1.883,1464071
2017-03-07,1.895,1088009
2017-03-08,1.884,779683
2017-03-09,1.869,849527
2017-03-10,1.868,590482
2017-03-13,1.89,1215816
2017-03-14,1.875,1124812
2017-03-15,1.876,771932
2017-03-16,1.882,721987
2017-03-17,1.862,1117074
2017-03-20,1.87,892708
2017-03-21,1.879,515699
2017-03-22,1.864,1529804
2017-03-23,1.865,1731106
2017-03-24,1.882,725597
2017-03-27,1.864,665478
2017-03-28,1.863,418697
2017-03-29,1.845,1007643
2017-03-30,1.813,1474102
2017-03-31,1.826,901511
2017-04-05,1.861,665628
2017-04-06,1.859,501456
2017-04-07,1.865,541224
2017-04-10,1.832,476985
2017-04-11,1.836,1127883
2017-04-12,1.819,577019
2017-04-13,1.835,687693
2017-04-14,1.81,862709
2017-04-17,1.79,1299578
2017-04-18,1.772,832396
2017-04-19,1.763,1500867
2017-04-20,1.77,1003611
2017-04-21,1.761,880332
2017-04-24,1.737,1324229
2017-04-25,1.742,792405
2017-04-26,1.743,363643
2017-04-27,1.764,1502604
2017-04-28,1.777,866992
2017-05-02,1.773,501284
2017-05-03,1.763,511279
2017-05-04,1.769,1084637
2017-05-05,1.743,1553911
2017-05-08,1.716,1728978
2017-05-09,1.726,2171479
2017-05-10,1.7,2393477
2017-05-11,1.696,3348574
2017-05-12,1.698,1636130
2017-05-15,1.704,895948
2017-05-16,1.741,1794430
2017-05-17,1.743,1728842
2017-05-18,1.738,1315222
2017-05-19,1.725,982465
2017-05-22,1.711,1288382
2017-05-23,1.681,2049409
2017-05-24,1.703,2870807
2017-05-25,1.703,4058082
2017-05-26,1.689,2655762
2017-05-31,1.692,3189028
2017-06-01,1.661,1663429
2017-06-02,1.678,3507694
2017-06-05,1.689,2207064
2017-06-06,1.692,1314035
2017-06-07,1.73,3146698
2017-06-08,1.722,1689238
2017-06-09,1.725,1662672
2017-06-12,1.702,1608720
2017-06-13,1.723,2180762
2017-06-14,1.72,1333080
2017-06-15,1.744,3352447
2017-06-16,1.739,1318495
2017-06-19,1.746,1137842
2017-06-20,1.748,1815702
2017-06-21,1.753,1111860
2017-06-22,1.725,1067562
2017-06-23,1.737,1861228
2017-06-26,1.749,1476284
2017-06-27,1.746,1324418
2017-06-28,1.734,1093784
2017-06-29,1.742,1066992
2017-06-30,1.748,1184106
2017-07-03,1.764,1614596
2017-07-04,1.755,1120421
2017-07-05,1.761,1094746
2017-07-06,1.753,1335707
2017-07-07,1.75,716998
2017-07-10,1.716,1538696
2017-07-11,1.696,1461934
2017-07-12,1.697,1891946
2017-07-13,1.686,1207066
2017-07-14,1.662,1963990
2017-07-17,1.57,3561889
2017-07-18,1.579,2213342
2017-07-19,1.593,1628131
2017-07-20,1.59,1620749
2017-07-21,1.591,747248
2017-07-24,1.599,946498
2017-07-25,1.599,735778
2017-07-26,1.588,735347
2017-07-27,1.665,2959044
2017-07-28,1.647,1924265
2017-07-31,1.652,1011288
2017-08-01,1.65,1190311
2017-08-02,1.638,1371661
2017-08-03,1.651,1998340
2017-08-04,1.636,1031831
2017-08-07,1.651,1070921
2017-08-08,1.678,2199252
2017-08-09,1.675,1392266
2017-08-10,1.669,1108945
2017-08-11,1.659,1718932
2017-08-14,1.702,2364296
2017-08-15,1.706,1496965
2017-08-16,1.735,1924102
2017-08-17,1.746,2536532
2017-08-18,1.733,1417862
2017-08-21,1.737,1264746
2017-08-22,1.726,1162437
2017-08-23,1.717,1230914
2017-08-24,1.705,1279758
2017-08-25,1.723,1454571
2017-08-28,1.755,2402909
2017-08-29,1.743,1535018
2017-08-30,1.756,1613679
2017-08-31,1.765,1343713
2017-09-01,1.776,1753435
2017-09-04,1.796,1455842
2017-09-05,1.796,1394205
2017-09-06,1.813,1611863
2017-09-07,1.8,1632370
2017-09-08,1.791,1398557
2017-09-11,1.807,1023148
2017-09-12,1.793,1222547
2017-09-13,1.797,972239
2017-09-14,1.787,839012
2017-09-15,1.782,895529
2017-09-18,1.808,1141358
2017-09-19,1.79,1150825
2017-09-20,1.801,761997
2017-09-21,1.78,764904
2017-09-22,1.773,1079249
2017-09-25,1.75,807223
2017-09-26,1.746,966425
2017-09-27,1.757,815794
2017-09-28,1.761,730491
2017-09-29,1.78,570514
2017-10-09,1.8,902553
2017-10-10,1.828,1283464
2017-10-11,1.814,1147732
2017-10-12,1.811,785693
2017-10-13,1.84,1188638
2017-10-16,1.796,2194893
2017-10-17,1.786,922739
2017-10-18,1.778,846062
2017-10-19,1.775,859962
2017-10-20,1.794,712277
2017-10-23,1.806,1204250
2017-10-24,1.812,750796
2017-10-25,1.818,775261
2017-10-26,1.823,947333
2017-10-27,1.801,708489
2017-10-30,1.764,1579106
2017-10-31,1.773,898699
2017-11-01,1.769,929278
2017-11-02,1.745,844634
2017-11-03,1.732,1341182
2017-11-06,1.754,770446
2017-11-07,1.76,716436
2017-11-08,1.765,1038651
2017-11-09,1.779,683479
2017-11-10,1.8,1019940
2017-11-13,1.799,629013
2017-11-14,1.788,839600
2017-11-15,1.758,896095
2017-11-16,1.765,907137
2017-11-17,1.723,1444113
2017-11-20,1.755,1326033
2017-11-21,1.75,1080589
2017-11-22,1.744,1151992
2017-11-23,1.692,1359305
2017-11-24,1.678,997676
2017-11-27,1.66,1068216
2017-11-28,1.682,1356762
2017-11-29,1.674,787182
2017-11-30,1.663,648333
2017-12-01,1.687,1466779
2017-12-04,1.676,1156242
2017-12-05,1.644,1209397
2017-12-06,1.663,2725132
2017-12-07,1.656,1327841
2017-12-08,1.675,1088584
2017-12-11,1.698,1174630
2017-12-12,1.675,707964
2017-12-13,1.691,786223
2017-12-14,1.68,741366
2017-12-15,1.673,957791
2017-12-18,1.667,570027
2017-12-19,1.683,1220989
2017-12-20,1.661,668020
2017-12-21,1.668,878279
2017-12-22,1.663,558834
2017-12-25,1.642,1037449
2017-12-26,1.644,1066961
2017-12-27,1.63,873376
2017-12-28,1.637,984560
2017-12-29,1.644,935020
2018-01-02,1.665,983128
2018-01-03,1.689,1912283
2018-01-04,1.693,925578
2018-01-05,1.696,890407
2018-01-08,1.701,706129
2018-01-09,1.699,577035
2018-01-10,1.689,715802
2018-01-11,1.701,1468520
2018-01-12,1.685,804909
2018-01-15,1.634,1989656
2018-01-16,1.631,1441133
2018-01-17,1.639,3289036
2018-01-18,1.636,1993958
2018-01-19,1.63,1832485
2018-01-22,1.67,2948239
2018-01-23,1.667,2040673
2018-01-24,1.714,5850316
2018-01-25,1.708,7049033
2018-01-26,1.72,3586477
2018-01-29,1.701,4965788
2018-01-30,1.687,4049143
2018-01-31,1.633,5281661
2018-02-01,1.603,5622720
2018-02-02,1.607,4988302
2018-02-05,1.594,3260216
2018-02-06,1.505,6148774
2018-02-07,1.523,6332948
2018-02-08,1.548,4195420
2018-02-09,1.502,5801713
2018-02-12,1.553,5167943
2018-02-13,1.557,3208402
2018-02-14,1.549,1913003
2018-02-22,1.58,3030288
2018-02-23,1.572,1880539
2018-02-26,1.63,5175198
2018-02-27,1.639,4628523
2018-02-28,1.651,4197628
2018-03-01,1.687,3678588
2018-03-02,1.669,4515403
2018-03-05,1.69,2949836
2018-03-06,1.693,3373910
2018-03-07,1.679,2217325
2018-03-08,1.686,2274747
2018-03-09,1.755,7878414
2018-03-12,1.777,6867064
2018-03-13,1.767,3685880
2018-03-14,1.741,4468052
2018-03-15,1.742,6701459
2018-03-16,1.716,4298468
2018-03-19,1.736,4145099
2018-03-20,1.76,5314534
2018-03-21,1.72,4142583
2018-03-22,1.711,3658481
2018-03-23,1.622,11432224
2018-03-26,1.673,8328624
2018-03-27,1.738,8486973
2018-03-28,1.73,6829592
2018-03-29,1.739,4242984
2018-03-30,1.791,8552652
2018-04-02,1.788,7302463
2018-04-03,1.764,6971305
2018-04-04,1.732,5269261
2018-04-09,1.737,5599840
2018-04-10,1.732,5783070
2018-04-11,1.729,4809650
2018-04-12,1.72,3665975
2018-04-13,1.721,3978376
2018-04-16,1.736,5560541
2018-04-17,1.683,7492720
2018-04-18,1.718,9475695
2018-04-19,1.715,5757564
2018-04-20,1.684,5757464
2018-04-23,1.653,5675704
2018-04-24,1.705,6202017
2018-04-25,1.715,5353027
2018-04-26,1.681,4445481
2018-04-27,1.707,4338080
2018-05-02,1.701,4266399
2018-05-03,1.726,6793981
2018-05-04,1.712,4598616
2018-05-07,1.749,5590692
2018-05-08,1.753,3871212
2018-05-09,1.749,3015205
2018-05-10,1.762,4070745
2018-05-11,1.734,4851431
2018-05-14,1.728,2943563
2018-05-15,1.756,4322164
2018-05-16,1.745,3943829
2018-05-17,1.729,3139178
2018-05-18,1.731,4633737
2018-05-21,1.757,5618534
2018-05-22,1.77,4378531
2018-05-23,1.745,3327789
2018-05-24,1.737,2846846
2018-05-25,1.705,5064068
2018-05-28,1.698,3238263
2018-05-29,1.678,4152866
2018-05-30,1.633,5973139
2018-05-31,1.649,5650489
2018-06-01,1.62,4501198
2018-06-04,1.613,4228868
2018-06-05,1.653,5639087
2018-06-06,1.65,3217527
2018-06-07,1.636,2227249
2018-06-08,1.62,3805286
2018-06-11,1.601,3784942
2018-06-12,1.619,4830004
2018-06-13,1.597,3347012
2018-06-14,1.587,4651490
2018-06-15,1.554,5400178
2018-06-19,1.467,7967385
2018-06-20,1.478,7521337
2018-06-21,1.441,6174088
2018-06-22,1.466,6509189
2018-06-25,1.455,4237095
2018-06-26,1.485,6668326
2018-06-27,1.466,5151969
2018-06-28,1.462,4661063
2018-06-29,1.524,6748125
2018-07-02,1.503,5619238
2018-07-03,1.52,7937997
2018-07-04,1.486,4815750
2018-07-05,1.452,5326491
2018-07-06,1.464,7653539
2018-07-09,1.504,6562165
2018-07-10,1.516,4653501
2018-07-11,1.488,7056090
2018-07-12,1.54,7735753
2018-07-13,1.542,4694873
2018-07-16,1.542,2917485
2018-07-17,1.543,3780670
2018-07-18,1.532,3985459
2018-07-19,1.514,4423700
2018-07-20,1.535,5010058
2018-07-23,1.54,5166963
2018-07-24,1.549,5658661
2018-07-25,1.551,4603272
2018-07-26,1.534,4186107
2018-07-27,1.518,4462206
2018-07-30,1.484,6278488
2018-07-31,1.489,4244351
2018-08-01,1.471,4470316
2018-08-02,1.44,8127046
2018-08-03,1.414,7348848
2018-08-06,1.374,12019113
2018-08-07,1.412,9234154
2018-08-08,1.381,6866129
2018-08-09,1.426,10025652
2018-08-10,1.437,5700610
2018-08-13,1.458,6646202
2018-08-14,1.446,5205638
2018-08-15,1.409,7090614
2018-08-16,1.396,7833649
2018-08-17,1.369,9120506
2018-08-20,1.367,10168691
2018-08-21,1.387,8547493
2018-08-22,1.375,4488101
2018-08-23,1.388,6059138
2018-08-24,1.382,3896292
2018-08-27,1.426,8237422
2018-08-28,1.423,4082480
2018-08-29,1.411,3866063
2018-08-30,1.389,5144066
2018-08-31,1.369,5614494
2018-09-03,1.375,5836825
2018-09-04,1.385,6740410
2018-09-05,1.363,5131937
2018-09-06,1.355,6994459
2018-09-07,1.36,8612883
2018-09-10,1.327,8350878
2018-09-11,1.332,5717353
2018-09-12,1.32,7147721
2018-09-13,1.326,11026971
2018-09-14,1.304,8119944
2018-09-17,1.288,7135335
2018-09-18,1.312,7905015
2018-09-19,1.324,9878343
2018-09-20,1.32,4455153
2018-09-21,1.343,7684139
2018-09-25,1.338,6901896
2018-09-26,1.352,6767440
2018-09-27,1.333,5222584
2018-09-28,1.346,6125986
2018-10-08,1.289,7211935
2018-10-09,1.283,6414966
2018-10-10,1.282,5679270
2018-10-11,1.196,11133687
2018-10-12,1.206,9926606
2018-10-15,1.19,5747889
2018-10-16,1.16,9493811
2018-10-17,1.174,12516773
2018-10-18,1.153,12504529
2018-10-19,1.189,13971317
2018-10-22,1.26,18083601
2018-10-23,1.231,11243075
2018-10-24,1.226,8668279
2018-10-25,1.216,13471965
2018-10-26,1.203,8200547
2018-10-29,1.192,8231478
2018-10-30,1.204,11584948
2018-10-31,1.216,11360813
2018-11-01,1.227,13943364
2018-11-02,1.291,19396059
2018-11-05,1.287,16786209
2018-11-06,1.286,9355638
2018-11-07,1.282,9105793
2018-11-08,1.265,6608072
2018-11-09,1.26,7016150
2018-11-12,1.305,12015536
2018-11-13,1.326,17618753
2018-11-14,1.32,7536180
2018-11-15,1.336,6782509
2018-11-16,1.332,9070421
2018-11-19,1.325,10071341
2018-11-20,1.291,8702470
2018-11-21,1.294,8239441
2018-11-22,1.285,6435845
2018-11-23,1.248,9056061
2018-11-26,1.244,4407785
2018-11-27,1.253,5130197
2018-11-28,1.277,6534659
2018-11-29,1.247,7268236
2018-11-30,1.264,6616892
2018-12-03,1.31,9303419
2018-12-04,1.315,5345533
2018-12-05,1.315,8071980
2018-12-06,1.28,6601176
2018-12-07,1.275,3692638
2018-12-10,1.264,3880188
2018-12-11,1.277,3810907
2018-12-12,1.276,3795480
2018-12-13,1.286,7083380
2018-12-14,1.248,7862516
2018-12-17,1.24,7428262
2018-12-18,1.232,8349719
2018-12-19,1.209,6413678
2018-12-20,1.219,6235318
2018-12-21,1.213,6384173
2018-12-24,1.226,6913224
2018-12-25,1.217,9326526
2018-12-26,1.211,5538747
2018-12-27,1.192,6453764
2018-12-28,1.194,5159856
2019-01-02,1.178,6001623
2019-01-03,1.164,6784060
2019-01-04,1.195,11840440
2019-01-07,1.214,9797743
2019-01-08,1.211,4699100
2019-01-09,1.21,7370433
2019-01-10,1.207,4244882
2019-01-11,1.209,4306086
2019-01-14,1.195,4237978
2019-01-15,1.216,6724999
2019-01-16,1.214,5897143
2019-01-17,1.198,5906281
2019-01-18,1.216,6400241
2019-01-21,1.222,6604167
2019-01-22,1.201,5686736
2019-01-23,1.197,3329009
2019-01-24,1.211,6844337
2019-01-25,1.214,6223129
2019-01-28,1.208,5485220
2019-01-29,1.192,7620726
2019-01-30,1.183,4562773
2019-01-31,1.178,7476244
2019-02-01,1.221,10385764
2019-02-11,1.264,10998410
2019-02-12,1.278,8424747
2019-02-13,1.301,8785253
2019-02-14,1.304,6180714
2019-02-15,1.302,8317743
2019-02-18,1.357,8628155
2019-02-19,1.346,12181711
2019-02-20,1.348,6955761
2019-02-21,1.355,11258115
2019-02-22,1.406,10082465
2019-02-25,1.492,11322086
2019-02-26,1.479,14183028
2019-02-27,1.458,12474735
2019-02-28,1.47,7997755
2019-03-01,1.5,9410949
2019-03-04,1.556,12376555
2019-03-05,1.615,11460402
2019-03-06,1.635,14250005
2019-03-07,1.621,14107830
2019-03-08,1.584,20087676
2019-03-11,1.658,17024805
2019-03-12,1.696,22814532
2019-03-13,1.618,21688080
2019-03-14,1.583,18379184
2019-03-15,1.589,13198897
2019-03-18,1.634,12114716
2019-03-19,1.633,10383369
2019-03-20,1.613,9696310
2019-03-21,1.627,11691110
2019-03-22,1.621,13073009
2019-03-25,1.598,8377287
2019-03-26,1.556,7830213
2019-03-27,1.568,7526007
2019-03-28,1.556,7559261
2019-03-29,1.624,11876845
2019-04-01,1.694,10597457
2019-04-02,1.682,8842649
2019-04-03,1.7,6623401
2019-04-04,1.701,6827361
2019-04-08,1.665,8547676
2019-04-09,1.667,6527202
2019-04-10,1.654,6106801
2019-04-11,1.619,7245282
2019-04-12,1.624,5892095
2019-04-15,1.596,6596022
2019-04-16,1.629,9685385
2019-04-17,1.642,8676529
2019-04-18,1.629,3841242
2019-04-19,1.645,4125439
2019-04-22,1.624,5265640
2019-04-23,1.61,4356214
2019-04-24,1.646,8088348
2019-04-25,1.598,8327967
2019-04-26,1.589,6398892
2019-04-29,1.549,9148151
2019-04-30,1.553,5226536
2019-05-06,1.424,14214372
2019-05-07,1.438,9885604
2019-05-08,1.419,9481468
2019-05-09,1.409,8748632
2019-05-10,1.465,14321411
2019-05-13,1.441,7567192
2019-05-14,1.431,6841598
2019-05-15,1.462,6691145
2019-05-16,1.468,4649140
2019-05-17,1.416,6313171
2019-05-20,1.407,7550100
2019-05-21,1.43,6138078
2019-05-22,1.427,4603943
2019-05-23,1.392,7384027
2019-05-24,1.384,6699349
2019-05-27,1.428,9692343
2019-05-28,1.432,7628804
2019-05-29,1.432,4738714
2019-05-30,1.422,4886767
2019-05-31,1.425,4686305
2019-06-03,1.411,5187126
2019-06-04,1.4,4956117
2019-06-05,1.393,5331830
2019-06-06,1.363,7860684
2019-06-10,1.376,5239492
2019-06-11,1.43,9700598
2019-06-12,1.412,6898543
2019-06-13,1.422,5511665
2019-06-14,1.397,6190400
2019-06-17,1.39,4243003
2019-06-18,1.4,5047027
2019-06-19,1.417,9636334
2019-06-20,1.442,9263345
2019-06-21,1.473,17858132
2019-06-24,1.46,6482214
2019-06-25,1.442,6872718
2019-06-26,1.448,5238257
2019-06-27,1.469,7072723
2019-06-28,1.457,5867318
2019-07-01,1.511,10139692
2019-07-02,1.511,4672655
2019-07-03,1.488,4424900
2019-07-04,1.476,4592315
2019-07-05,1.492,4127200
2019-07-08,1.45,5890928
2019-07-09,1.462,3937260
2019-07-10,1.456,2845376
2019-07-11,1.458,3230504
2019-07-12,1.465,3135137
2019-07-15,1.489,9985541
2019-07-16,1.489,4182161
2019-07-17,1.492,4401301
2019-07-18,1.47,3488065
2019-07-19,1.486,6410550
2019-07-22,1.461,4944706
2019-07-23,1.481,3961668
2019-07-24,1.498,4515358
2019-07-25,1.506,3899024
2019-07-26,1.506,3513603
2019-07-29,1.509,2813804
2019-07-30,1.522,4907746
2019-07-31,1.512,3849937
2019-08-01,1.516,4069486
2019-08-02,1.501,5367036
2019-08-05,1.473,4401574
2019-08-06,1.451,7338107
2019-08-07,1.447,3691314
2019-08-08,1.468,2961218
2019-08-09,1.45,3209958
2019-08-12,1.486,3188297
2019-08-13,1.47,2760235
2019-08-14,1.477,4427788
2019-08-15,1.498,5458580
2019-08-16,1.512,5520390
2019-08-19,1.568,8078877
2019-08-20,1.553,5533235
2019-08-21,1.549,4321600
2019-08-22,1.554,3956921
2019-08-23,1.555,3747349
2019-08-26,1.54,4701494
2019-08-27,1.567,7877236
2019-08-28,1.565,3786104
2019-08-29,1.558,3319307
2019-08-30,1.549,4498853
2019-09-02,1.592,4827259
2019-09-03,1.595,3522885
2019-09-04,1.607,3824705
2019-09-05,1.627,5320689
2019-09-06,1.631,4064147
2019-09-09,1.67,6398893
2019-09-10,1.661,3870489
2019-09-11,1.638,4100106
2019-09-12,1.646,3018324
2019-09-16,1.65,3765306
2019-09-17,1.618,4812616
2019-09-18,1.617,3566637
2019-09-19,1.642,4658412
2019-09-20,1.638,3669839
2019-09-23,1.62,3751128
2019-09-24,1.629,4424661
2019-09-25,1.611,3200008
2019-09-26,1.561,5311699
2019-09-27,1.587,4290942
2019-09-30,1.57,2764847
2019-10-08,1.556,2594176
2019-10-09,1.561,4016334
2019-10-10,1.604,5988881
2019-10-11,1.606,4350439
2019-10-14,1.617,3385188
2019-10-15,1.597,2197397
2019-10-16,1.592,4147055
2019-10-17,1.595,3136873
2019-10-18,1.589,3674190
2019-10-21,1.585,3705058
2019-10-22,1.606,3832288
2019-10-23,1.589,2793496
2019-10-24,1.593,2457897
2019-10-25,1.616,4207127
2019-10-28,1.646,4466011
2019-10-29,1.624,3370282
2019-10-30,1.619,2403905
2019-10-31,1.608,2975355
2019-11-01,1.625,3038283
2019-11-04,1.634,3533228
2019-11-05,1.649,3419151
2019-11-06,1.638,2705177
2019-11-07,1.651,2911937
2019-11-08,1.645,3624055
2019-11-11,1.61,2716840
2019-11-12,1.611,2783940
2019-11-13,1.62,2530968
2019-11-14,1.63,2018536
2019-11-15,1.614,2049131
2019-11-18,1.621,2092688
2019-11-19,1.666,4776529
2019-11-20,1.655,3802885
2019-11-21,1.65,2287551
2019-11-22,1.614,5089391
2019-11-25,1.599,3422679
2019-11-26,1.608,3142161
2019-11-27,1.611,2636920
2019-11-28,1.611,1745429
2019-11-29,1.6,2550212
2019-12-02,1.606,2158416
2019-12-03,1.613,2610192
2019-12-04,1.612,2144555
2019-12-05,1.648,3982671
2019-12-06,1.662,2885881
2019-12-09,1.656,2760774
2019-12-10,1.67,2450735
2019-12-11,1.653,2075743
2019-12-12,1.657,2223151
2019-12-13,1.693,4539326
2019-12-16,1.715,3814064
2019-12-17,1.738,4637689
2019-12-18,1.725,2533072
2019-12-19,1.724,2644836
2019-12-20,1.708,2538238
2019-12-23,1.671,3759545
2019-12-24,1.704,3113619
2019-12-25,1.718,2729869
2019-12-26,1.726,2152210
2019-12-27,1.698,3015341
2019-12-30,1.727,2693595
2019-12-31,1.73,3051085
2020-01-02,1.765,3380825
2020-01-03,1.764,2746860
2020-01-06,1.788,4166992
2020-01-07,1.822,3945590
2020-01-08,1.792,4959107
2020-01-09,1.839,4475689
2020-01-10,1.831,3546451
2020-01-13,1.862,4400772
2020-01-14,1.85,3806680
2020-01-15,1.847,2627883
2020-01-16,1.856,2703073
2020-01-17,1.858,2991225
2020-01-20,1.905,4151555
2020-01-21,1.892,5334019
2020-01-22,1.918,4902213
2020-01-23,1.853,6523279
2020-02-03,1.708,10226280
2020-02-04,1.816,6955576
2020-02-05,1.871,6230238
2020-02-06,1.93,7059755
2020-02-07,1.94,5020758
2020-02-10,1.961,4377523
2020-02-11,1.947,2771379
2020-02-12,2.006,3942707
2020-02-13,1.988,4268443
2020-02-14,1.987,3383130
2020-02-17,2.071,6896795
2020-02-18,2.09,7042729
2020-02-19,2.054,5724038
2020-02-20,2.105,5648539
2020-02-21,2.145,5337413
2020-02-24,2.178,5040842
2020-02-25,2.195,7141842
2020-02-26,2.102,6436770
2020-02-27,2.111,7620196
2020-02-28,1.995,11449503
2020-03-02,2.054,6409490
2020-03-03,2.092,7589350
2020-03-04,2.088,4468505
2020-03-05,2.121,5371268
2020-03-06,2.111,2909523
2020-03-09,2.013,4246042
2020-03-10,2.063,6367022
2020-03-11,2.024,4429573
2020-03-12,1.971,4160470
2020-03-13,1.952,8280712
2020-03-16,1.832,6293171
2020-03-17,1.842,8537147
2020-03-18,1.818,8089588
2020-03-19,1.825,11112669
2020-03-20,1.847,7362102
2020-03-23,1.761,7333947
2020-03-24,1.806,7895146
2020-03-25,1.86,8801155
2020-03-26,1.853,4843137
2020-03-27,1.83,6472183
2020-03-30,1.791,6321042
2020-03-31,1.795,4280000
2020-04-01,1.792,3974344
2020-04-02,1.844,6213602
2020-04-03,1.834,4144941
2020-04-07,1.894,6965575
2020-04-08,1.89,2979424
2020-04-09,1.921,4690481
2020-04-10,1.877,3888827
2020-04-13,1.853,3488667
2020-04-14,1.909,4850910
2020-04-15,1.899,3916733
2020-04-16,1.932,3436599
2020-04-17,1.943,4235499
2020-04-20,1.969,2338526
2020-04-21,1.949,3205774
2020-04-22,1.967,3221094
2020-04-23,1.951,3127959
2020-04-24,1.93,2489550
2020-04-27,1.939,3320566
2020-04-28,1.951,4469275
2020-04-29,1.952,3560957
2020-04-30,1.993,4117361
2020-05-06,2.029,3677676
2020-05-07,2.025,2659351
2020-05-08,2.042,3043404
2020-05-11,2.024,3723830
2020-05-12,2.043,2733098
2020-05-13,2.058,2285287
2020-05-14,2.036,2417094
2020-05-15,2.042,2280859
2020-05-18,2.039,2553643
2020-05-19,2.061,3727488
2020-05-20,2.041,3154279
2020-05-21,2.02,2862828
2020-05-22,1.972,4220288
2020-05-25,1.975,2559965
2020-05-26,2.038,3457737
2020-05-27,1.997,4287970
2020-05-28,1.982,4464551
2020-05-29,2.006,3657814
2020-06-01,2.082,4017528
2020-06-02,2.067,3026346
2020-06-03,2.06,2498871
2020-06-04,2.073,2573691
2020-06-05,2.087,2198269
2020-06-08,2.073,2396401
2020-06-09,2.102,2560763
2020-06-10,2.122,2992622
2020-06-11,2.119,3245740
2020-06-12,2.141,3958806
2020-06-15,2.141,3509464
2020-06-16,2.183,3814328
2020-06-17,2.188,2882259
2020-06-18,2.194,3618833
2020-06-19,2.238,3392705
2020-06-22,2.263,3435734
2020-06-23,2.307,2697375
2020-06-24,2.307,2801178
2020-06-29,2.295,2573967
2020-06-30,2.359,2758787
2020-07-01,2.342,4312636
2020-07-02,2.35,3631422
2020-07-03,2.38,3924943
2020-07-06,2.45,5373576
2020-07-07,2.503,4396992
2020-07-08,2.574,3464337
2020-07-09,2.674,4989135
2020-07-10,2.685,4771821
2020-07-13,2.802,5342794
2020-07-14,2.767,7260612
2020-07-15,2.722,7817439
2020-07-16,2.558,12691819
2020-07-17,2.583,9000057
2020-07-20,2.611,6860347
2020-07-21,2.643,6598154
2020-07-22,2.678,6189281
2020-07-23,2.706,4962724
2020-07-24,2.537,8178398
2020-07-27,2.54,4235953
2020-07-28,2.573,4378313
2020-07-29,2.68,4852175
2020-07-30,2.652,4295841
2020-07-31,2.708,4689587
2020-08-03,2.774,4057964
2020-08-04,2.738,4411026
2020-08-05,2.763,3249324
2020-08-06,2.719,4318767
2020-08-07,2.657,4497971
2020-08-10,2.641,3011593
2020-08-11,2.6,3989014
2020-08-12,2.548,7018783
2020-08-13,2.535,3378844
2020-08-14,2.579,4848202
2020-08-17,2.607,5706203
2020-08-18,2.605,3326428
2020-08-19,2.524,3363203
2020-08-20,2.503,3311967
2020-08-21,2.547,3349568
2020-08-24,2.598,4449750
2020-08-25,2.612,4042884
2020-08-26,2.552,4372084
2020-08-27,2.603,3773585
2020-08-28,2.666,4008136
2020-08-31,2.637,3485857
2020-09-01,2.658,2594640
2020-09-02,2.676,3319582
2020-09-03,2.653,3431358
2020-09-04,2.638,3137602
2020-09-07,2.549,4232589
2020-09-08,2.564,3396924
2020-09-09,2.44,5228648
2020-09-10,2.403,3648363
2020-09-11,2.449,2920433
2020-09-14,2.484,3263080
2020-09-15,2.504,2271611
2020-09-16,2.47,1716909
2020-09-17,2.467,2384302
2020-09-18,2.513,3034122
2020-09-21,2.48,2248765
2020-09-22,2.469,2283205
2020-09-23,2.508,2227099
2020-09-24,2.454,2265188
2020-09-25,2.457,2007067
2020-09-28,2.434,1656324
2020-09-29,2.479,2086201
2020-09-30,2.489,2195074
2020-10-09,2.581,2442025
2020-10-12,2.683,3648370
2020-10-13,2.688,2498942
2020-10-14,2.668,2018388
2020-10-15,2.65,2174800
2020-10-16,2.634,2027924
2020-10-19,2.6,2241531
2020-10-20,2.645,2496863
2020-10-21,2.612,2454994
2020-10-22,2.582,2805171
2020-10-23,2.516,4119059
2020-10-26,2.533,3124658
2020-10-27,2.56,2534417
2020-10-28,2.577,2699070
2020-10-29,2.607,2774295
2020-10-30,2.563,2528421
2020-11-02,2.617,2891309
2020-11-03,2.649,2027613
2020-11-04,2.658,2190373
2020-11-05,2.69,2606058
2020-11-06,2.637,3040823
2020-11-09,2.719,3721035
2020-11-10,2.674,3859826
2020-11-11,2.595,3272014
2020-11-12,2.607,2076144
2020-11-13,2.619,2410436
2020-11-16,2.62,2284801
2020-11-17,2.572,3982737
2020-11-18,2.534,4662336
2020-11-19,2.556,3473700
2020-11-20,2.576,3061705
2020-11-23,2.593,3202966
2020-11-24,2.582,1771235
2020-11-25,2.528,2911161
2020-11-26,2.522,3260729
2020-11-27,2.532,2835378
2020-11-30,2.541,3632232
2020-12-01,2.602,4450098
2020-12-02,2.593,2538751
2020-12-03,2.619,3070061
2020-12-04,2.637,2189828
2020-12-07,2.628,1982819
2020-12-08,2.646,2114235
2020-12-09,2.598,2944265
2020-12-10,2.627,1979315
2020-12-11,2.601,2226660
2020-12-14,2.641,1959530
2020-12-15,2.667,2206104
2020-12-16,2.667,1505525
2020-12-17,2.694,1850877
2020-12-18,2.688,2577184
2020-12-21,2.778,4241577
2020-12-22,2.718,2725385
2020-12-23,2.745,3288485
2020-12-24,2.726,3884456
2020-12-25,2.749,5213010
2020-12-28,2.745,1910388
2020-12-29,2.717,1553207
2020-12-30,2.799,2639808
2020-12-31,2.866,3106916
2021-01-04,2.976,2472764
2021-01-05,2.988,2470004
2021-01-06,3.003,2290438
2021-01-07,3.056,2029990
2021-01-08,3.036,1867431
2021-01-11,2.989,2068085
2021-01-12,3.076,1857681
2021-01-13,3.025,2141047
2021-01-14,2.987,2353512
2021-01-15,2.99,2712677
2021-01-18,3.046,2312313
2021-01-19,2.976,2181228
2021-01-20,3.096,2986081
2021-01-21,3.176,2207908
2021-01-22,3.241,2561056
2021-01-25,3.242,2136784
2021-01-26,3.152,3330042
2021-01-27,3.166,2279217
2021-01-28,3.057,2763172
2021-01-29,3.029,3193132
2021-02-01,3.056,2008111
2021-02-02,3.118,2701434
2021-02-03,3.106,2202237
2021-02-04,3.098,2097697
2021-02-05,3.084,1967702
2021-02-09,3.222,2343912
2021-02-10,3.293,2423154
2021-02-18,3.202,3195999
2021-02-19,3.17,3747736
2021-02-22,3.032,3897255
2021-02-23,3.009,3111370
2021-02-24,2.904,7980683
2021-02-25,2.878,4918260
2021-02-26,2.814,5850851
2021-03-01,2.894,4940004
2021-03-02,2.859,3887161
2021-03-03,2.9,2831522
2021-03-04,2.751,7501829
2021-03-05,2.772,5270808
2021-03-08,2.633,8054625
2021-03-09,2.547,8107633
2021-03-10,2.586,6051196
2021-03-11,2.65,5149149
2021-03-12,2.658,3482583
2021-03-15,2.555,5028761
2021-03-16,2.579,3414109
2021-03-17,2.607,3636284
2021-03-18,2.65,3539701
2021-03-19,2.579,2947309
2021-03-22,2.607,2926073
2021-03-23,2.579,2756059
2021-03-24,2.543,3386892
2021-03-25,2.567,3315595
2021-03-26,2.65,5451832
2021-03-29,2.637,3227203
2021-03-30,2.673,2582933
2021-03-31,2.665,1914494
2021-04-01,2.718,2742149
2021-04-02,2.756,2968993
2021-04-06,2.73,2331452
2021-04-07,2.707,2151116
2021-04-08,2.728,1803054
2021-04-09,2.69,1958353
2021-04-12,2.627,2789497
2021-04-13,2.649,2954009
2021-04-14,2.707,2289912
2021-04-15,2.698,2412531
2021-04-16,2.688,2438103
2021-04-19,2.798,3754710
2021-04-20,2.791,2918739
2021-04-21,2.814,2022147
2021-04-22,2.837,2621638
2021-04-23,2.891,3037408
2021-04-26,2.863,4035399
2021-04-27,2.884,2171817
2021-04-28,2.949,2653664
2021-04-29,2.952,1928393
2021-04-30,2.989,2523476
2021-05-06,2.904,2544894
2021-05-07,2.819,3130357
2021-05-10,2.827,2472832
2021-05-11,2.823,2832003
2021-05-12,2.865,2184432
2021-05-13,2.845,2053186
2021-05-14,2.937,2676586
2021-05-17,3.007,3406090
2021-05-18,2.988,1898547
2021-05-19,3.012,1891321
2021-05-20,3.043,1614468
2021-05-21,3.012,1829129
2021-05-24,3.036,1940881
2021-05-25,3.119,2742751
2021-05-26,3.095,2178905
2021-05-27,3.118,1567565
2021-05-28,3.121,2271367
2021-05-31,3.195,1813961
2021-06-01,3.188,1707586
2021-06-02,3.133,1870094
2021-06-03,3.099,1695496
2021-06-04,3.141,2049342
2021-06-07,3.122,1541037
2021-06-08,3.105,2030914
2021-06-09,3.1,1404822
2021-06-10,3.179,2250945
2021-06-11,3.195,1843166
2021-06-15,3.155,1940396
2021-06-16,3.024,2999583
2021-06-17,3.088,2576794
2021-06-18,3.137,2152121
2021-06-21,3.166,1992203
2021-06-22,3.174,1753812
2021-06-23,3.217,2093712
2021-06-24,3.174,1425199
2021-06-25,3.243,2422358
2021-06-28,3.305,2164854
2021-06-29,3.297,1745426
2021-06-30,3.373,1829713
2021-07-01,3.34,2835940
2021-07-02,3.227,2120859
2021-07-05,3.25,2258864
2021-07-06,3.196,2866689
2021-07-07,3.305,2853291
2021-07-08,3.322,1715823
2021-07-09,3.303,2029696
2021-07-12,3.427,1880156
2021-07-13,3.411,1926483
2021-07-14,3.382,1661007
2021-07-15,3.429,2013289
2021-07-16,3.328,1924837
2021-07-19,3.35,1393121
2021-07-20,3.356,1738555
2021-07-21,3.455,2373590
2021-07-22,3.438,1635811
2021-07-23,3.367,1795825
2021-07-26,3.27,2829719
2021-07-27,3.14,3349822
2021-07-28,3.183,3368791
2021-07-29,3.358,2961780
2021-07-30,3.328,2059150
2021-08-02,3.393,2784736
2021-08-03,3.363,1647228
2021-08-04,3.446,1694798
2021-08-05,3.419,1509103
2021-08-06,3.386,1841368
2021-08-09,3.348,3469037
2021-08-10,3.366,1715806
2021-08-11,3.326,1415732
2021-08-12,3.28,1498937
2021-08-13,3.249,1661711
2021-08-16,3.206,1800980
2021-08-17,3.126,2731118
2021-08-18,3.16,2231740
2021-08-19,3.177,2352249
2021-08-20,3.1,2924677
2021-08-23,3.195,2466912
2021-08-24,3.225,2074945
2021-08-25,3.241,1339651
2021-08-26,3.164,1566747
2021-08-27,3.158,1437735
2021-08-30,3.164,1688552
2021-08-31,3.106,1951142
2021-09-01,3.094,2095449
2021-09-02,3.046,1947998
2021-09-03,3.01,2287972
2021-09-06,3.129,2886873
2021-09-07,3.147,2007852
2021-09-08,3.123,1339784
2021-09-09,3.126,1662833
2021-09-10,3.135,1385052
2021-09-13,3.095,1547267
2021-09-14,3.14,1959533
2021-09-15,3.105,1499152
2021-09-16,3.035,1553756
2021-09-17,3.097,1358987
2021-09-22,3.068,1299379
2021-09-23,3.086,1288925
2021-09-24,3.109,2202959
2021-09-27,3.13,1722804
2021-09-28,3.114,1320809
2021-09-29,3.083,1286494
2021-09-30,3.148,1681963
2021-10-08,3.138,1465348
2021-10-11,3.096,1238806
2021-10-12,3.042,1911200
2021-10-13,3.109,1601972
2021-10-14,3.112,1412202
2021-10-15,3.176,1488620
2021-10-18,3.172,1363309
2021-10-19,3.191,1159874
2021-10-20,3.185,996129
2021-10-21,3.174,847815
2021-10-22,3.185,1274677
2021-10-25,3.236,1168058
2021-10-26,3.221,1109509
2021-10-27,3.205,852486
2021-10-28,3.178,1298800
2021-10-29,3.249,1622370
2021-11-01,3.224,1219758
2021-11-02,3.228,1301082
2021-11-03,3.222,1190392
2021-11-04,3.26,1151153
2021-11-05,3.248,986307
2021-11-08,3.278,1064489
2021-11-09,3.3,977717
2021-11-10,3.296,1444681
2021-11-11,3.324,928950
2021-11-12,3.324,910840
2021-11-15,3.295,1094791
2021-11-16,3.282,991753
2021-11-17,3.317,877420
2021-11-18,3.274,1353350
2021-11-19,3.313,1198829
2021-11-22,3.393,1383692
2021-11-23,3.38,874429
2021-11-24,3.362,905310
2021-11-25,3.368,1120023
2021-11-26,3.364,643308
2021-11-29,3.389,1478543
2021-11-30,3.386,1315321
2021-12-01,3.365,785130
2021-12-02,3.355,715812
2021-12-03,3.37,918558
2021-12-06,3.294,1355422
2021-12-07,3.266,1328362
2021-12-08,3.314,1139795
2021-12-09,3.353,1298926
2021-12-10,3.37,795567
2021-12-13,3.389,1037874
2021-12-14,3.384,776587
2021-12-15,3.355,803330
2021-12-16,3.378,744559
2021-12-17,3.328,917412
2021-12-20,3.225,1810235
2021-12-21,3.247,1604192
2021-12-22,3.26,955849
2021-12-23,3.269,744303
2021-12-24,3.196,1182512
2021-12-27,3.19,1026215
2021-12-28,3.226,1425478
2021-12-29,3.182,1414972
2021-12-30,3.219,1940254
2021-12-31,3.218,1135672
2022-01-04,3.154,1329408
2022-01-05,3.064,3326676
2022-01-06,3.034,3940022
2022-01-07,3.003,2532898
2022-01-10,2.998,2563940
2022-01-11,2.96,2460580
2022-01-12,3.035,3398322
2022-01-13,2.99,2161757
2022-01-14,3.015,2101345
2022-01-17,3.068,1880369
2022-01-18,3.047,1633493
2022-01-19,2.985,3143886
2022-01-20,2.975,1806636
2022-01-21,2.941,2693107
2022-01-24,2.962,2375722
2022-01-25,2.881,2869779
2022-01-26,2.906,2292046
2022-01-27,2.815,4025788
2022-01-28,2.819,3053074
2022-02-07,2.83,2575698
2022-02-08,2.758,4540175
2022-02-09,2.791,2759428
2022-02-10,2.74,3709244
2022-02-11,2.66,4349599
2022-02-14,2.646,3943463
2022-02-15,2.726,4685596
2022-02-16,2.725,3140857
2022-02-17,2.744,3360070
2022-02-18,2.739,2491155
2022-02-21,2.713,2448619
2022-02-22,2.678,3733094
2022-02-23,2.754,3632140
2022-02-24,2.693,4697380
2022-02-25,2.763,4171521
2022-02-28,2.786,2973351
2022-03-01,2.795,2971590
2022-03-02,2.741,3239070
2022-03-03,2.704,3557835
2022-03-04,2.662,4215688
2022-03-07,2.543,6574311
2022-03-08,2.507,8234743
2022-03-09,2.483,10003297
2022-03-10,2.547,9371422
2022-03-11,2.583,5741455
2022-03-14,2.49,5004129
2022-03-15,2.421,7203711
2022-03-16,2.552,11182561
2022-03-17,2.624,9819180
2022-03-18,2.635,4074621
2022-03-21,2.636,4590040
2022-03-22,2.602,3043426
2022-03-23,2.629,3441752
2022-03-24,2.62,4342960
2022-03-25,2.565,5088554
2022-03-28,2.512,5459154
2022-03-29,2.511,4138832
2022-03-30,2.61,5443448
2022-03-31,2.574,3904354
2022-04-01,2.58,4210102
2022-04-06,2.55,3535043
2022-04-07,2.496,4428186
2022-04-08,2.491,3466390
2022-04-11,2.386,6050103
2022-04-12,2.44,4713928
2022-04-13,2.394,4781737
2022-04-14,2.389,7573057
2022-04-15,2.385,5226941
2022-04-18,2.412,5381764
2022-04-19,2.377,4388862
2022-04-20,2.288,8180802
2022-04-21,2.24,6554452
2022-04-22,2.225,5942086
2022-04-25,2.103,10441595
2022-04-26,2.086,10201517
2022-04-27,2.2,13651751
2022-04-28,2.158,7788323
2022-04-29,2.244,8381799
2022-05-05,2.212,7654924
2022-05-06,2.177,7336270
2022-05-09,2.162,3274220
2022-05-10,2.204,6378781
2022-05-11,2.272,12844831
2022-05-12,2.277,6115130
2022-05-13,2.285,4332170
2022-05-16,2.257,4600004
2022-05-17,2.293,3402680
2022-05-18,2.29,2977280
2022-05-19,2.306,3944608
2022-05-20,2.347,3843675
2022-05-23,2.332,3007046
2022-05-24,2.246,5710831
2022-05-25,2.253,4450353
2022-05-26,2.249,4963802
2022-05-27,2.251,4631267
2022-05-30,2.276,3592693
2022-05-31,2.334,3969815
2022-06-01,2.354,4131103
2022-06-02,2.386,3273884
2022-06-06,2.477,4656797
2022-06-07,2.478,3160635
2022-06-08,2.494,3920410
2022-06-09,2.423,3320643
2022-06-10,2.48,3144430
2022-06-13,2.469,2799829
2022-06-14,2.475,4204232
2022-06-15,2.497,5041002
2022-06-16,2.507,3656097
2022-06-17,2.584,4633465
2022-06-20,2.626,4342664
2022-06-21,2.615,3433377
2022-06-22,2.596,3377905
2022-06-23,2.68,3333111
2022-06-24,2.738,3443233
2022-06-27,2.741,3511708
2022-06-28,2.754,3019686
2022-06-29,2.683,4188196
2022-06-30,2.73,3851202
2022-07-01,2.699,3733177
2022-07-04,2.75,4224542
2022-07-05,2.739,3190755
2022-07-06,2.725,3553013
2022-07-07,2.769,2977018
2022-07-08,2.731,3410261
2022-07-11,2.69,3312053
2022-07-12,2.622,3666848
2022-07-13,2.665,4034359
2022-07-14,2.735,4022018
2022-07-15,2.68,3179270
2022-07-18,2.717,2959546
2022-07-19,2.67,3179314
2022-07-20,2.68,2115302
2022-07-21,2.67,2400850
2022-07-22,2.651,2731006
2022-07-25,2.629,2688917
2022-07-26,2.634,2964000
2022-07-27,2.637,2480509
2022-07-28,2.629,2803313
2022-07-29,2.594,3248334
2022-08-01,2.657,2966450
2022-08-02,2.605,3618875
2022-08-03,2.553,2941596
2022-08-04,2.565,2737219
2022-08-05,2.606,2975011
2022-08-08,2.596,2255928
2022-08-09,2.614,1817196
2022-08-10,2.579,2017434
2022-08-11,2.647,2920715
2022-08-12,2.613,2392295
2022-08-15,2.638,2141853
2022-08-16,2.652,2113154
2022-08-17,2.695,2512153
2022-08-18,2.693,1946039
2022-08-19,2.653,1925441
2022-08-22,2.699,2411756
2022-08-23,2.697,2043619
2022-08-24,2.6,3869852
2022-08-25,2.59,2546453
2022-08-26,2.566,2272271
2022-08-29,2.553,2273973
2022-08-30,2.538,2213826
2022-08-31,2.491,3297222
2022-09-01,2.463,2949739
2022-09-02,2.461,3490205
2022-09-05,2.467,2996766
2022-09-06,2.468,4665268
2022-09-07,2.493,3859395
2022-09-08,2.448,3447969
2022-09-09,2.476,2696311
2022-09-13,2.475,2035526
2022-09-14,2.431,2706495
2022-09-15,2.349,4556434
2022-09-16,2.297,4833455
2022-09-19,2.285,3991607
2022-09-20,2.297,3602172
2022-09-21,2.265,5211843
2022-09-22,2.252,3672890
2022-09-23,2.239,5317417
2022-09-26,2.253,5280030
2022-09-27,2.306,4788444
2022-09-28,2.249,4647200
2022-09-29,2.267,4075693
2022-09-30,2.221,4371564
2022-10-10,2.166,4171627
2022-10-11,2.192,3940142
2022-10-12,2.274,7392730
2022-10-13,2.282,5962608
2022-10-14,2.365,6671160
2022-10-17,2.362,3898715
2022-10-18,2.373,4509612
2022-10-19,2.355,4024150
2022-10-20,2.337,6670187
2022-10-21,2.321,4429153
2022-10-24,2.266,7715408
2022-10-25,2.241,6661031
2022-10-26,2.302,6719579
2022-10-27,2.265,5303540
2022-10-28,2.187,7321986
2022-10-31,2.202,6828842
2022-11-01,2.275,7625569
2022-11-02,2.305,7214615
2022-11-03,2.309,6292292
2022-11-04,2.383,6868599
2022-11-07,2.379,5431515
2022-11-08,2.363,4922189
2022-11-09,2.326,5089810
2022-11-10,2.288,7389732
2022-11-11,2.33,10301881
2022-11-14,2.302,5736871
2022-11-15,2.361,6900639
2022-11-16,2.33,5663526
2022-11-17,2.316,6296816
2022-11-18,2.315,7439799
2022-11-21,2.319,3815406
2022-11-22,2.273,5982903
2022-11-23,2.269,5826873
2022-11-24,2.264,3179765
2022-11-25,2.242,3409459
2022-11-28,2.233,4870886
2022-11-29,2.268,6475879
2022-11-30,2.265,4449866
2022-12-01,2.311,6205197
2022-12-02,2.316,4384055
2022-12-05,2.313,7615325
2022-12-06,2.319,4939916
2022-12-07,2.343,7450582
2022-12-08,2.338,3043366
2022-12-09,2.348,3583372
2022-12-12,2.333,3881623
2022-12-13,2.305,3623504
2022-12-14,2.299,3335662
2022-12-15,2.326,4351062
2022-12-16,2.298,3966390
2022-12-19,2.274,4476904
2022-12-20,2.243,4084808
2022-12-21,2.24,3390578
2022-12-22,2.235,4067703
2022-12-23,2.222,4362469
2022-12-26,2.262,5714695
2022-12-27,2.293,5650560
2022-12-28,2.267,4269173
2022-12-29,2.277,4390878
2022-12-30,2.279,3802277
2023-01-03,2.289,4154350
2023-01-04,2.267,3642832
2023-01-05,2.33,6603989
2023-01-06,2.35,4965654
2023-01-09,2.365,3195073
2023-01-10,2.401,3763983
2023-01-11,2.374,2923227
2023-01-12,2.382,3475973
2023-01-13,2.417,3792202
2023-01-16,2.462,5158873
2023-01-17,2.47,2462065
2023-01-18,2.468,2641094
2023-01-19,2.496,3016618
2023-01-20,2.507,4008460
2023-01-30,2.533,5683977
2023-01-31,2.507,3745048
2023-02-01,2.537,4638571
2023-02-02,2.524,3119554
2023-02-03,2.5,4632210
2023-02-06,2.468,4240242
2023-02-07,2.461,3967825
2023-02-08,2.447,3929469
2023-02-09,2.493,4730294
2023-02-10,2.465,4264098
2023-02-13,2.495,4003011
2023-02-14,2.49,2709498
2023-02-15,2.468,2759204
2023-02-16,2.436,4404394
2023-02-17,2.378,5949468
2023-02-20,2.403,5333660
2023-02-21,2.395,3780998
2023-02-22,2.377,3420616
2023-02-23,2.385,3849257
2023-02-24,2.357,4935288
2023-02-27,2.34,5052813
2023-02-28,2.359,4766879
2023-03-01,2.372,6412398
2023-03-02,2.347,5046453
2023-03-03,2.352,5632116
2023-03-06,2.361,7738048
2023-03-07,2.312,8956964
2023-03-08,2.308,7611736
2023-03-09,2.303,6948051
2023-03-10,2.3,9929630
2023-03-13,2.287,10195900
2023-03-14,2.276,11674301
2023-03-15,2.268,10187440
2023-03-16,2.233,12835765
2023-03-17,2.228,16480314
2023-03-20,2.226,15921009
2023-03-21,2.265,16259210
2023-03-22,2.27,14370671
2023-03-23,2.288,8626970
2023-03-24,2.297,8485594
2023-03-27,2.323,12049124
2023-03-28,2.298,6173109
2023-03-29,2.297,5585027
2023-03-30,2.313,5651995
2023-03-31,2.327,6808435
2023-04-03,2.366,11096153
2023-04-04,2.35,7764314
2023-04-06,2.354,5487069
2023-04-07,2.369,5684291
2023-04-10,2.368,8264410
2023-04-11,2.362,5058054
2023-04-12,2.353,5356209
2023-04-13,2.332,4415316
2023-04-14,2.355,5338872
2023-04-17,2.364,4229752
2023-04-18,2.354,4686560
2023-04-19,2.339,3090913
2023-04-20,2.314,5434874
2023-04-21,2.269,6917726
2023-04-24,2.234,7294237
2023-04-25,2.193,13608452
2023-04-26,2.226,11083037
2023-04-27,2.24,4590208
2023-04-28,2.255,4133146
2023-05-04,2.23,3845670
2023-05-05,2.202,5257951
2023-05-08,2.213,7761581
2023-05-09,2.18,8089629
2023-05-10,2.199,11774381
2023-05-11,2.211,8314269
2023-05-12,2.185,5986893
2023-05-15,2.234,6916403
2023-05-16,2.228,6250010
2023-05-17,2.229,6221353
2023-05-18,2.215,7670419
2023-05-19,2.215,4472283
2023-05-22,2.214,5172903
2023-05-23,2.187,6933644
2023-05-24,2.183,7395047
2023-05-25,2.184,8126967
2023-05-26,2.167,9181841
2023-05-29,2.143,7125225
2023-05-30,2.155,7249693
2023-05-31,2.131,8498795
2023-06-01,2.148,8826449
2023-06-02,2.175,7879769
2023-06-05,2.143,8672138
2023-06-06,2.106,9012032
2023-06-07,2.075,9359429
2023-06-08,2.071,9368152
2023-06-09,2.086,8745659
2023-06-12,2.095,7595908
2023-06-13,2.111,7058034
2023-06-14,2.106,6824060
2023-06-15,2.179,18945139
2023-06-16,2.208,10714323
2023-06-19,2.207,7367843
2023-06-20,2.21,5795831
2023-06-21,2.156,7175166
2023-06-26,2.133,6925302
2023-06-27,2.138,5959136
2023-06-28,2.126,6467057
2023-06-29,2.129,3774614
2023-06-30,2.164,10091436
2023-07-03,2.171,5582985
2023-07-04,2.174,4306543
2023-07-05,2.156,3978490
2023-07-06,2.137,5978724
2023-07-07,2.118,4742779
2023-07-10,2.145,5823235
2023-07-11,2.161,3706789
2023-07-12,2.139,4353128
2023-07-13,2.182,6341780
2023-07-14,2.169,5191818
2023-07-17,2.152,3642698
2023-07-18,2.147,4462889
2023-07-19,2.125,6795781
2023-07-20,2.103,8536235
2023-07-21,2.11,5375403
2023-07-24,2.09,6242250
2023-07-25,2.136,9349575
2023-07-26,2.135,6837817
2023-07-27,2.129,4941275
2023-07-28,2.163,9366865
2023-07-31,2.182,6609653
2023-08-01,2.168,4864460
2023-08-02,2.164,4060986
2023-08-03,2.187,4455753
2023-08-04,2.204,8867475
2023-08-07,2.185,5951739
2023-08-08,2.177,5264217
2023-08-09,2.174,4116312
2023-08-10,2.184,4737376
2023-08-11,2.129,7023687
2023-08-14,2.113,7658517
2023-08-15,2.096,6416059
2023-08-16,2.082,4670580
2023-08-17,2.094,7563131
2023-08-18,2.065,6226475
2023-08-21,2.035,6871950
2023-08-22,2.038,11460186
2023-08-23,1.987,9056674
2023-08-24,2.014,9914098
2023-08-25,1.991,6827771
2023-08-28,2.01,13123418
2023-08-29,2.067,10960279
2023-08-30,2.066,6586467
2023-08-31,2.052,4098959
2023-09-01,2.049,3885205
2023-09-04,2.067,6799681
2023-09-05,2.057,4350852
2023-09-06,2.049,4481243
2023-09-07,2.003,6253926
2023-09-08,1.998,4690669
2023-09-11,2.011,5840379
2023-09-12,1.998,4265938
2023-09-13,1.974,7345141
2023-09-14,1.96,7055404
2023-09-15,1.954,8965208
2023-09-18,1.968,7729081
2023-09-19,1.952,6882452
2023-09-20,1.936,5492624
2023-09-21,1.917,5594249
2023-09-22,1.964,9745011
2023-09-25,1.953,4760782
2023-09-26,1.938,4548459
2023-09-27,1.956,7918953
2023-09-28,1.953,4960486
2023-10-09,1.947,5801127
2023-10-10,1.938,4585178
2023-10-11,1.954,5787960
2023-10-12,1.968,5099397
2023-10-13,1.945,5708362
2023-10-16,1.906,7719278
2023-10-17,1.912,4152577
2023-10-18,1.887,5781098
2023-10-19,1.867,7172698
2023-10-20,1.85,7344155
2023-10-23,1.815,9515482
2023-10-24,1.832,8474434
2023-10-25,1.815,9044607
2023-10-26,1.829,8462440
2023-10-27,1.881,13235087
2023-10-30,1.926,14828830
2023-10-31,1.916,4614183
2023-11-01,1.908,4354752
2023-11-02,1.89,4815026
2023-11-03,1.918,6255220
2023-11-06,1.981,10733074
2023-11-07,1.967,6945658
2023-11-08,1.971,6967776
2023-11-09,1.967,5760086
2023-11-10,1.955,5055579
2023-11-13,1.958,5083840
2023-11-14,1.953,5992595
2023-11-15,1.963,6513422
2023-11-16,1.925,7428397
2023-11-17,1.934,3698543
2023-11-20,1.942,6020104
2023-11-21,1.931,7599572
2023-11-22,1.899,7736300
2023-11-23,1.911,5082927
2023-11-24,1.888,5475884
2023-11-27,1.878,4792836
2023-11-28,1.89,4044168
2023-11-29,1.867,4509925
2023-11-30,1.874,4464594
2023-12-01,1.881,6312007
2023-12-04,1.858,6568211
2023-12-05,1.823,7334469
2023-12-06,1.834,5351235
2023-12-07,1.829,5021061
2023-12-08,1.843,4918462
2023-12-11,1.868,9670301
2023-12-12,1.856,6573033
2023-12-13,1.822,6941014
2023-12-14,1.812,5317268
2023-12-15,1.802,7355922
2023-12-18,1.773,6636733
2023-12-19,1.781,6635994
2023-12-20,1.755,7435957
2023-12-21,1.787,9659934
2023-12-22,1.78,8841372
2023-12-25,1.783,5703304
2023-12-26,1.761,8185801
2023-12-27,1.763,6536878
2023-12-28,1.833,15884491
2023-12-29,1.842,7493274
