Date,Value1,Value2
2017/1/3,0.934,4831.69 
2017/1/4,0.9997,4879.99 
2017/1/5,0.0279,4881.35 
2017/1/6,-0.623,4850.94 
2017/1/9,0.5049,4875.43 
2017/1/10,-0.2802,4861.77 
2017/1/11,-0.8978,4818.12 
2017/1/12,-0.743,4782.32 
2017/1/13,-0.8623,4741.08 
2017/1/16,-2.0196,4645.33 
2017/1/17,0.6516,4675.60 
2017/1/18,-0.0122,4675.03 
2017/1/19,-0.3895,4656.82 
2017/1/20,1.1701,4711.31 
2017/1/23,0.6306,4741.02 
2017/1/24,-0.1713,4732.90 
2017/1/25,0.2793,4746.12 
2017/1/26,0.5122,4770.43 
2017/2/3,-0.4658,4748.21 
2017/2/6,0.68,4780.50 
2017/2/7,-0.0464,4778.28 
2017/2/8,0.5946,4806.69 
2017/2/9,0.5944,4835.26 
2017/2/10,0.1456,4842.30 
2017/2/13,0.6156,4872.11 
2017/2/14,-0.0314,4870.58 
2017/2/15,-0.6944,4836.76 
2017/2/16,0.6298,4867.22 
2017/2/17,-0.7269,4831.84 
2017/2/20,1.1644,4888.10 
2017/2/21,0.6191,4918.36 
2017/2/22,0.3422,4935.19 
2017/2/23,-0.2409,4923.30 
2017/2/24,0.1373,4930.06 
2017/2/27,-0.7738,4891.91 
2017/2/28,0.2935,4906.27 
2017/3/1,0.2226,4917.19 
2017/3/2,-0.6349,4885.97 
2017/3/3,0.0575,4888.78 
2017/3/6,0.8391,4929.80 
2017/3/7,0.2097,4940.14 
2017/3/8,-0.2775,4926.43 
2017/3/9,-0.682,4892.83 
2017/3/10,0.0396,4894.77 
2017/3/13,0.7859,4933.24 
2017/3/14,-0.1224,4927.20 
2017/3/15,0.0256,4928.46 
2017/3/16,0.7674,4966.28 
2017/3/17,-0.8608,4923.53 
2017/3/20,0.2319,4934.95 
2017/3/21,0.3185,4950.67 
2017/3/22,-0.463,4927.75 
2017/3/23,0.1727,4936.26 
2017/3/24,0.5289,4962.37 
2017/3/27,-0.3099,4946.99 
2017/3/28,-0.2591,4934.17 
2017/3/29,-0.3794,4915.45 
2017/3/30,-1.4442,4844.46 
2017/3/31,0.3932,4863.51 
2017/4/5,1.7699,4949.59 
2017/4/6,0.313,4965.08 
2017/4/7,0.1071,4970.40 
2017/4/10,-0.5595,4942.59 
2017/4/11,0.6045,4972.47 
2017/4/12,-0.5581,4944.72 
2017/4/13,0.2835,4958.74 
2017/4/14,-1.1598,4901.23 
2017/4/17,-0.8681,4858.68 
2017/4/18,-0.6987,4824.73 
2017/4/19,-0.9107,4780.79 
2017/4/20,0.0008,4780.83 
2017/4/21,-0.2631,4768.25 
2017/4/24,-2.0391,4671.02 
2017/4/25,0.3295,4686.41 
2017/4/26,0.2198,4696.71 
2017/4/27,0.2657,4709.19 
2017/4/28,0.1898,4718.13 
2017/5/2,-0.1083,4713.02 
2017/5/3,-0.3178,4698.04 
2017/5/4,-0.2829,4684.75 
2017/5/5,-1.0047,4637.68 
2017/5/8,-1.3802,4573.67 
2017/5/9,0.2493,4585.07 
2017/5/10,-1.2379,4528.31 
2017/5/11,-0.0481,4526.13 
2017/5/12,0.3168,4540.47 
2017/5/15,0.3819,4557.81 
2017/5/16,1.5045,4626.38 
2017/5/17,-0.0832,4622.53 
2017/5/18,-0.5501,4597.10 
2017/5/19,0.0546,4599.61 
2017/5/22,-0.8088,4562.41 
2017/5/23,-1.2452,4505.60 
2017/5/24,0.2686,4517.70 
2017/5/25,1.2628,4574.75 
2017/5/26,-0.1045,4569.97 
2017/5/31,0.0477,4572.15 
2017/6/1,-1.1616,4519.04 
2017/6/2,0.3875,4536.55 
2017/6/5,0.1993,4545.59 
2017/6/6,0.5506,4570.62 
2017/6/7,1.6238,4644.84 
2017/6/8,0.3839,4662.67 
2017/6/9,0.2632,4674.94 
2017/6/12,-0.7234,4641.12 
2017/6/13,0.819,4679.13 
2017/6/14,-0.6343,4649.45 
2017/6/15,0.4867,4672.08 
2017/6/16,-0.2279,4661.43 
2017/6/19,0.7974,4698.60 
2017/6/20,-0.026,4697.38 
2017/6/21,0.5888,4725.04 
2017/6/22,-0.8322,4685.72 
2017/6/23,0.4887,4708.62 
2017/6/26,1.2779,4768.79 
2017/6/27,0.165,4776.66 
2017/6/28,-0.6854,4743.92 
2017/6/29,0.5099,4768.11 
2017/6/30,0.0845,4772.14 
2017/7/3,0.1938,4781.39 
2017/7/4,-0.5492,4755.13 
2017/7/5,0.9131,4798.55 
2017/7/6,0.0854,4802.65 
2017/7/7,0.1245,4808.63 
2017/7/10,-0.2847,4794.94 
2017/7/11,-0.4273,4774.45 
2017/7/12,-0.1919,4765.29 
2017/7/13,0.4033,4784.51 
2017/7/14,-0.0635,4781.47 
2017/7/17,-3.0016,4637.95 
2017/7/18,0.5308,4662.57 
2017/7/19,1.6214,4738.17 
2017/7/20,0.5095,4762.31 
2017/7/21,-0.1617,4754.61 
2017/7/24,0.5016,4778.46 
2017/7/25,-0.4194,4758.42 
2017/7/26,-0.1772,4749.99 
2017/7/27,0.6349,4780.15 
2017/7/28,0.2109,4790.23 
2017/7/31,0.6841,4823.00 
2017/8/1,0.4176,4843.14 
2017/8/2,-0.5046,4818.70 
2017/8/3,-0.2374,4807.26 
2017/8/4,-0.5057,4782.95 
2017/8/7,0.719,4817.34 
2017/8/8,0.1968,4826.82 
2017/8/9,0.1912,4836.05 
2017/8/10,-0.6205,4806.04 
2017/8/11,-1.7711,4720.92 
2017/8/14,1.6332,4798.02 
2017/8/15,0.3347,4814.08 
2017/8/16,0.1221,4819.96 
2017/8/17,0.6764,4852.56 
2017/8/18,-0.1381,4845.86 
2017/8/21,0.6181,4875.81 
2017/8/22,-0.1397,4869.00 
2017/8/23,-0.3048,4854.16 
2017/8/24,-0.609,4824.60 
2017/8/25,1.2957,4887.11 
2017/8/28,1.1655,4944.07 
2017/8/29,-0.1905,4934.65 
2017/8/30,0.2468,4946.83 
2017/8/31,0.022,4947.92 
2017/9/1,0.4917,4972.25 
2017/9/4,0.4974,4996.98 
2017/9/5,0.1659,5005.27 
2017/9/6,0.182,5014.38 
2017/9/7,-0.5026,4989.18 
2017/9/8,0.0804,4993.19 
2017/9/11,0.5007,5018.19 
2017/9/12,0.0371,5020.05 
2017/9/13,0.3038,5035.30 
2017/9/14,-0.2254,5023.95 
2017/9/15,-0.2747,5010.15 
2017/9/18,0.5301,5036.71 
2017/9/19,-0.3608,5018.54 
2017/9/20,0.5522,5046.25 
2017/9/21,-0.6343,5014.24 
2017/9/22,-0.2577,5001.32 
2017/9/25,-0.9464,4953.99 
2017/9/26,0.1625,4962.04 
2017/9/27,0.4272,4983.24 
2017/9/28,-0.189,4973.82 
2017/9/29,0.5776,5002.55 
2017/10/9,1.1548,5060.32 
2017/10/10,0.4375,5082.46 
2017/10/11,-0.0372,5080.57 
2017/10/12,0.0138,5081.27 
2017/10/13,0.3794,5100.55 
2017/10/16,-0.9915,5049.98 
2017/10/17,-0.056,5047.15 
2017/10/18,-0.0606,5044.09 
2017/10/19,-0.6596,5010.82 
2017/10/20,0.5211,5036.93 
2017/10/23,0.3567,5054.90 
2017/10/24,0.138,5061.88 
2017/10/25,0.5496,5089.70 
2017/10/26,0.3946,5109.78 
2017/10/27,-0.002,5109.68 
2017/10/30,-1.2608,5045.26 
2017/10/31,0.3337,5062.09 
2017/11/1,-0.1326,5055.37 
2017/11/2,-0.5618,5026.97 
2017/11/3,-0.4734,5003.17 
2017/11/6,0.8762,5047.01 
2017/11/7,0.6814,5081.41 
2017/11/8,0.0407,5083.47 
2017/11/9,0.6554,5116.79 
2017/11/10,0.5648,5145.69 
2017/11/13,0.267,5159.42 
2017/11/14,-0.7154,5122.52 
2017/11/15,-0.7859,5082.26 
2017/11/16,0.3656,5100.84 
2017/11/17,-1.4478,5026.99 
2017/11/20,0.5588,5055.08 
2017/11/21,0.9338,5102.29 
2017/11/22,0.0618,5105.44 
2017/11/23,-2.6489,4970.20 
2017/11/24,0.0666,4973.51 
2017/11/27,-1.2234,4912.66 
2017/11/28,0.8146,4952.68 
2017/11/29,0.1053,4957.89 
2017/11/30,-0.8914,4913.70 
2017/12/1,0.33,4929.92 
2017/12/4,-0.1688,4921.59 
2017/12/5,-0.9667,4874.02 
2017/12/6,0.0966,4878.73 
2017/12/7,-0.6815,4845.48 
2017/12/8,0.903,4889.23 
2017/12/11,1.3753,4956.48 
2017/12/12,-1.0906,4902.42 
2017/12/13,0.755,4939.44 
2017/12/14,-0.2394,4927.61 
2017/12/15,-0.7746,4889.44 
2017/12/18,-0.2703,4876.23 
2017/12/19,0.9406,4922.09 
2017/12/20,-0.5264,4896.19 
2017/12/21,0.6125,4926.17 
2017/12/22,-0.2106,4915.80 
2017/12/25,-0.7627,4878.31 
2017/12/26,0.4315,4899.36 
2017/12/27,-1.0286,4848.96 
2017/12/28,0.5027,4873.34 
2017/12/29,0.5246,4898.90 
2018/1/2,1.2289,4959.10 
2018/1/3,0.7322,4995.41 
2018/1/4,0.369,5013.85 
2018/1/5,0.1325,5020.49 
2018/1/8,0.364,5038.76 
2018/1/9,0.313,5054.53 
2018/1/10,-0.1055,5049.20 
2018/1/11,0.1832,5058.45 
2018/1/12,-0.0107,5057.91 
2018/1/15,-1.2227,4996.06 
2018/1/16,0.6805,5030.06 
2018/1/17,-0.2795,5016.00 
2018/1/18,0.3854,5035.34 
2018/1/19,0.0329,5036.99 
2018/1/22,1.0723,5091.00 
2018/1/23,0.593,5121.19 
2018/1/24,0.3574,5139.49 
2018/1/25,-0.3716,5120.39 
2018/1/26,0.1214,5126.61 
2018/1/29,-1.5204,5048.67 
2018/1/30,-0.6232,5017.20 
2018/1/31,-0.8543,4974.35 
2018/2/1,-2.2091,4864.46 
2018/2/2,0.2128,4874.81 
2018/2/5,-0.123,4868.81 
2018/2/6,-3.861,4680.83 
2018/2/7,-1.1479,4627.10 
2018/2/8,0.0528,4629.54 
2018/2/9,-3.7171,4457.46 
2018/2/12,1.852,4540.01 
2018/2/13,0.7662,4574.79 
2018/2/14,0.5643,4600.61 
2018/2/22,1.9872,4692.03 
2018/2/23,0.3771,4709.73 
2018/2/26,1.6449,4787.20 
2018/2/27,-0.7165,4752.89 
2018/2/28,-0.2908,4739.07 
2018/3/1,0.9196,4782.65 
2018/3/2,-0.6421,4751.94 
2018/3/5,0.2095,4761.89 
2018/3/6,1.1555,4816.92 
2018/3/7,-0.7257,4781.96 
2018/3/8,0.8515,4822.68 
2018/3/9,1.1151,4876.46 
2018/3/12,0.9632,4923.43 
2018/3/13,-0.6805,4889.92 
2018/3/14,-0.7346,4854.00 
2018/3/15,0.125,4860.07 
2018/3/16,-0.6495,4828.50 
2018/3/19,0.3124,4843.59 
2018/3/20,0.1682,4851.73 
2018/3/21,-0.5509,4825.00 
2018/3/22,-0.5991,4796.10 
2018/3/23,-3.9865,4604.90 
2018/3/26,0.4921,4627.56 
2018/3/27,1.6324,4703.10 
2018/3/28,-1.2726,4643.25 
2018/3/29,1.078,4693.30 
2018/3/30,0.8039,4731.03 
2018/4/2,0.038,4732.83 
2018/4/3,-0.7848,4695.68 
2018/4/4,-0.4062,4676.61 
2018/4/9,0.029,4677.97 
2018/4/10,1.0702,4728.03 
2018/4/11,0.4111,4747.47 
2018/4/12,-0.758,4711.48 
2018/4/13,-0.4852,4688.62 
2018/4/16,-0.9534,4643.92 
2018/4/17,-1.8454,4558.22 
2018/4/18,0.874,4598.06 
2018/4/19,0.796,4634.66 
2018/4/20,-1.6819,4556.71 
2018/4/23,-0.4282,4537.20 
2018/4/24,2.0982,4632.40 
2018/4/25,-0.0444,4630.34 
2018/4/26,-1.8694,4543.78 
2018/4/27,0.1021,4548.42 
2018/5/2,-0.0506,4546.12 
2018/5/3,0.8464,4584.60 
2018/5/4,-0.288,4571.40 
2018/5/7,1.6552,4647.06 
2018/5/8,0.8184,4685.09 
2018/5/9,-0.1229,4679.34 
2018/5/10,0.47,4701.33 
2018/5/11,-0.7409,4666.50 
2018/5/14,0.1949,4675.59 
2018/5/15,0.6908,4707.89 
2018/5/16,-0.5692,4681.09 
2018/5/17,-0.5837,4653.77 
2018/5/18,0.6904,4685.90 
2018/5/21,0.8573,4726.07 
2018/5/22,0.0246,4727.24 
2018/5/23,-1.2105,4670.02 
2018/5/24,-0.4974,4646.79 
2018/5/25,-0.6954,4614.47 
2018/5/28,-0.1026,4609.74 
2018/5/29,-0.8154,4572.15 
2018/5/30,-2.5741,4454.46 
2018/5/31,1.7783,4533.67 
2018/6/1,-0.9871,4488.92 
2018/6/4,0.3772,4505.85 
2018/6/5,1.3042,4564.62 
2018/6/6,-0.0477,4562.44 
2018/6/7,-0.4364,4542.53 
2018/6/8,-1.2305,4486.63 
2018/6/11,-0.3967,4468.84 
2018/6/12,1.0358,4515.12 
2018/6/13,-1.2794,4457.36 
2018/6/14,-0.4075,4439.19 
2018/6/15,-1.3186,4380.66 
2018/6/19,-5.0026,4161.51 
2018/6/20,0.7338,4192.05 
2018/6/21,-1.7091,4120.40 
2018/6/22,0.8995,4157.46 
2018/6/25,-0.9292,4118.83 
2018/6/26,-0.0294,4117.62 
2018/6/27,-1.418,4059.23 
2018/6/28,-1.0466,4016.75 
2018/6/29,2.7683,4127.95 
2018/7/2,-2.1393,4039.64 
2018/7/3,0.6121,4064.37 
2018/7/4,-1.5228,4002.47 
2018/7/5,-1.6532,3936.30 
2018/7/6,0.516,3956.62 
2018/7/9,2.471,4054.38 
2018/7/10,0.4653,4073.25 
2018/7/11,-1.9329,3994.52 
2018/7/12,2.3733,4089.32 
2018/7/13,0.3849,4105.06 
2018/7/16,-0.3149,4092.13 
2018/7/17,-0.2701,4081.08 
2018/7/18,-0.5496,4058.65 
2018/7/19,-0.5545,4036.14 
2018/7/20,1.4959,4096.52 
2018/7/23,0.8201,4130.12 
2018/7/24,1.5976,4196.10 
2018/7/25,0.0211,4196.99 
2018/7/26,-0.7743,4164.49 
2018/7/27,-0.4834,4144.36 
2018/7/30,-0.7803,4112.02 
2018/7/31,0.0586,4114.43 
2018/8/1,-1.7741,4041.44 
2018/8/2,-2.2546,3950.32 
2018/8/3,-1.4539,3892.88 
2018/8/6,-1.6631,3828.14 
2018/8/7,2.7422,3933.12 
2018/8/8,-1.5704,3871.35 
2018/8/9,2.388,3963.80 
2018/8/10,0.3988,3979.61 
2018/8/13,-0.0265,3978.56 
2018/8/14,-0.394,3962.88 
2018/8/15,-2.1809,3876.46 
2018/8/16,-0.7664,3846.75 
2018/8/17,-1.6048,3785.01 
2018/8/20,0.7843,3814.70 
2018/8/21,1.4693,3870.75 
2018/8/22,-0.8255,3838.79 
2018/8/23,0.4651,3856.65 
2018/8/24,-0.0431,3854.99 
2018/8/27,2.2727,3942.60 
2018/8/28,-0.0257,3941.59 
2018/8/29,-0.4922,3922.18 
2018/8/30,-1.2811,3871.94 
2018/8/31,-0.7696,3842.14 
2018/9/3,-0.1514,3836.32 
2018/9/4,1.1809,3881.62 
2018/9/5,-1.7188,3814.91 
2018/9/6,-0.7449,3786.49 
2018/9/7,0.3194,3798.58 
2018/9/10,-1.6344,3736.50 
2018/9/11,-0.0559,3734.41 
2018/9/12,-0.4071,3719.21 
2018/9/13,0.9011,3752.72 
2018/9/14,-0.4003,3737.70 
2018/9/17,-1.3091,3688.77 
2018/9/18,1.8657,3757.59 
2018/9/19,1.2146,3803.23 
2018/9/20,-0.1458,3797.69 
2018/9/21,2.1917,3880.92 
2018/9/25,-0.5906,3858.00 
2018/9/26,0.7954,3888.69 
2018/9/27,-0.8867,3854.20 
2018/9/28,0.9503,3890.83 
2018/10/8,-3.7917,3743.30 
2018/10/9,-0.0232,3742.43 
2018/10/10,-0.0836,3739.30 
2018/10/11,-5.8759,3519.58 
2018/10/12,0.4882,3536.77 
2018/10/15,-1.4436,3485.71 
2018/10/16,-1.4585,3434.87 
2018/10/17,0.6646,3457.70 
2018/10/18,-2.6754,3365.19 
2018/10/19,2.6492,3454.34 
2018/10/22,4.5668,3612.09 
2018/10/23,-2.153,3534.33 
2018/10/24,0.0707,3536.82 
2018/10/25,-0.143,3531.77 
2018/10/26,-0.2383,3523.35 
2018/10/29,-2.3336,3441.13 
2018/10/30,1.0266,3476.46 
2018/10/31,1.4658,3527.42 
2018/11/1,0.6487,3550.30 
2018/11/2,3.2755,3666.59 
2018/11/5,-0.1854,3659.79 
2018/11/6,-0.3296,3647.73 
2018/11/7,-0.5002,3629.49 
2018/11/8,-0.3428,3617.04 
2018/11/9,-0.8892,3584.88 
2018/11/12,1.9369,3654.32 
2018/11/13,1.4367,3706.82 
2018/11/14,-0.5817,3685.26 
2018/11/15,1.4086,3737.16 
2018/11/16,0.6986,3763.27 
2018/11/19,0.7347,3790.92 
2018/11/20,-2.5074,3695.87 
2018/11/21,0.4396,3712.11 
2018/11/22,-0.1846,3705.26 
2018/11/23,-3.1196,3589.67 
2018/11/26,-0.1336,3584.88 
2018/11/27,0.2432,3593.60 
2018/11/28,1.2516,3638.57 
2018/11/29,-1.7694,3574.19 
2018/11/30,0.8927,3606.10 
2018/12/3,2.9708,3713.23 
2018/12/4,0.4648,3730.49 
2018/12/5,-0.5694,3709.25 
2018/12/6,-2.0041,3634.91 
2018/12/7,-0.0095,3634.57 
2018/12/10,-1.1531,3592.66 
2018/12/11,0.649,3615.98 
2018/12/12,0.1755,3622.32 
2018/12/13,1.26,3667.96 
2018/12/14,-2.0568,3592.52 
2018/12/17,-0.1415,3587.44 
2018/12/18,-0.8192,3558.05 
2018/12/19,-1.244,3513.79 
2018/12/20,-0.1901,3507.11 
2018/12/21,-0.9815,3472.69 
2018/12/24,0.5969,3493.42 
2018/12/25,-0.8709,3462.99 
2018/12/26,-0.3987,3449.18 
2018/12/27,-0.9023,3418.06 
2018/12/28,0.419,3432.38 
2019/1/2,-0.9609,3399.40 
2019/1/3,-0.3609,3387.13 
2019/1/4,2.4549,3470.28 
2019/1/7,1.2934,3515.17 
2019/1/8,-0.1891,3508.52 
2019/1/9,0.6626,3531.77 
2019/1/10,-0.1951,3524.88 
2019/1/11,0.7505,3551.33 
2019/1/14,-0.7109,3526.09 
2019/1/15,1.5716,3581.50 
2019/1/16,-0.0884,3578.34 
2019/1/17,-0.7104,3552.92 
2019/1/18,1.281,3598.43 
2019/1/21,0.557,3618.47 
2019/1/22,-1.2437,3573.47 
2019/1/23,0.0509,3575.29 
2019/1/24,0.5256,3594.08 
2019/1/25,0.1258,3598.60 
2019/1/28,-0.3099,3587.45 
2019/1/29,-0.6152,3565.38 
2019/1/30,-1.0598,3527.59 
2019/1/31,-0.1127,3523.62 
2019/2/1,2.0548,3596.02 
2019/2/11,2.2487,3676.88 
2019/2/12,0.9721,3712.63 
2019/2/13,1.8687,3782.01 
2019/2/14,0.3038,3793.50 
2019/2/15,-1.0816,3752.47 
2019/2/18,3.3237,3877.19 
2019/2/19,0.0749,3880.09 
2019/2/20,0.2676,3890.48 
2019/2/21,-0.2535,3880.61 
2019/2/22,2.2746,3968.88 
2019/2/25,5.5951,4190.94 
2019/2/26,-0.6659,4163.03 
2019/2/27,-0.2292,4153.49 
2019/2/28,0.0004,4153.51 
2019/3/1,1.4973,4215.70 
2019/3/4,1.6002,4283.16 
2019/3/5,1.685,4355.33 
2019/3/6,1.4529,4418.61 
2019/3/7,0.2374,4429.10 
2019/3/8,-4.0498,4249.73 
2019/3/11,3.0325,4378.61 
2019/3/12,1.4009,4439.95 
2019/3/13,-1.5487,4371.19 
2019/3/14,-1.7749,4293.60 
2019/3/15,1.3468,4351.43 
2019/3/18,2.6454,4466.55 
2019/3/19,-0.0306,4465.18 
2019/3/20,-0.0365,4463.55 
2019/3/21,0.6181,4491.14 
2019/3/22,0.1871,4499.54 
2019/3/25,-1.6725,4424.29 
2019/3/26,-1.9376,4338.56 
2019/3/27,0.9433,4379.49 
2019/3/28,-0.898,4340.16 
2019/3/29,3.3998,4487.72 
2019/4/1,3.1787,4630.37 
2019/4/2,0.2147,4640.31 
2019/4/3,1.1373,4693.09 
2019/4/4,0.7368,4727.67 
2019/4/8,-0.2662,4715.08 
2019/4/9,0.3613,4732.12 
2019/4/10,0.0803,4735.92 
2019/4/11,-2.038,4639.40 
2019/4/12,-0.1594,4632.01 
2019/4/15,-0.6194,4603.32 
2019/4/16,2.386,4713.15 
2019/4/17,0.4364,4733.72 
2019/4/18,-0.4731,4711.32 
2019/4/19,0.9598,4756.54 
2019/4/22,-1.7323,4674.15 
2019/4/23,-0.932,4630.58 
2019/4/24,0.6667,4661.45 
2019/4/25,-3.0697,4518.36 
2019/4/26,-1.2766,4460.68 
2019/4/29,-1.4986,4393.83 
2019/4/30,0.6522,4422.49 
2019/5/6,-6.6669,4127.65 
2019/5/7,1.1568,4175.40 
2019/5/8,-0.9542,4135.55 
2019/5/9,-1.4248,4076.63 
2019/5/10,3.6646,4226.02 
2019/5/13,-1.2404,4173.60 
2019/5/14,-0.6863,4144.96 
2019/5/15,2.2558,4238.46 
2019/5/16,0.5479,4261.68 
2019/5/17,-2.9813,4134.63 
2019/5/20,-0.6356,4108.35 
2019/5/21,1.5755,4173.08 
2019/5/22,-0.4896,4152.65 
2019/5/23,-2.019,4068.81 
2019/5/24,-0.3015,4056.54 
2019/5/27,1.9748,4136.65 
2019/5/28,0.5585,4159.75 
2019/5/29,0.0052,4159.97 
2019/5/30,-0.6245,4133.99 
2019/5/31,-0.2534,4123.51 
2019/6/3,-0.6242,4097.77 
2019/6/4,-1.2079,4048.27 
2019/6/5,-0.04,4046.66 
2019/6/6,-1.624,3980.94 
2019/6/10,1.2207,4029.53 
2019/6/11,3.3357,4163.95 
2019/6/12,-0.6424,4137.20 
2019/6/13,0.1842,4144.82 
2019/6/14,-1.4159,4086.13 
2019/6/17,-0.0022,4086.04 
2019/6/18,0.1443,4091.93 
2019/6/19,1.3441,4146.93 
2019/6/20,2.409,4246.83 
2019/6/21,0.8298,4282.07 
2019/6/24,0.095,4286.14 
2019/6/25,-1.0181,4242.50 
2019/6/26,-0.1579,4235.80 
2019/6/27,0.9442,4275.80 
2019/6/28,-0.7417,4244.08 
2019/7/1,2.9129,4367.71 
2019/7/2,-0.034,4366.22 
2019/7/3,-1.0368,4320.96 
2019/7/4,-0.4628,4300.96 
2019/7/5,0.4415,4319.95 
2019/7/8,-2.8175,4198.24 
2019/7/9,0.0136,4198.81 
2019/7/10,-0.4407,4180.30 
2019/7/11,-0.0341,4178.88 
2019/7/12,0.4595,4198.08 
2019/7/15,0.7244,4228.49 
2019/7/16,-0.1508,4222.12 
2019/7/17,-0.0132,4221.56 
2019/7/18,-1.3381,4165.07 
2019/7/19,0.8221,4199.32 
2019/7/22,-1.5686,4133.45 
2019/7/23,0.6358,4159.73 
2019/7/24,0.9638,4199.82 
2019/7/25,0.5884,4224.53 
2019/7/26,0.1624,4231.39 
2019/7/29,-0.0692,4228.46 
2019/7/30,0.4443,4247.25 
2019/7/31,-0.7659,4214.72 
2019/8/1,-0.6783,4186.13 
2019/8/2,-1.4774,4124.29 
2019/8/5,-1.5647,4059.75 
2019/8/6,-1.7588,3988.35 
2019/8/7,-0.3897,3972.81 
2019/8/8,1.0334,4013.87 
2019/8/9,-1.0548,3971.53 
2019/8/12,1.7803,4042.23 
2019/8/13,-0.7341,4012.56 
2019/8/14,0.5313,4033.88 
2019/8/15,0.3791,4049.17 
2019/8/16,0.4712,4068.25 
2019/8/19,2.6168,4174.71 
2019/8/20,0.0217,4175.61 
2019/8/21,-0.0368,4174.08 
2019/8/22,0.3215,4187.50 
2019/8/23,0.3398,4201.72 
2019/8/26,-1.0705,4156.74 
2019/8/27,1.5563,4221.43 
2019/8/28,-0.2682,4210.11 
2019/8/29,-0.1421,4204.13 
2019/8/30,-0.4601,4184.78 
2019/9/2,1.8349,4261.57 
2019/9/3,0.4071,4278.92 
2019/9/4,0.8221,4314.10 
2019/9/5,0.961,4355.55 
2019/9/6,0.4846,4376.66 
2019/9/9,1.3698,4436.61 
2019/9/10,-0.1696,4429.09 
2019/9/11,-0.7013,4398.02 
2019/9/12,0.8165,4433.93 
2019/9/16,-0.0183,4433.12 
2019/9/17,-1.9606,4346.21 
2019/9/18,0.277,4358.25 
2019/9/19,0.7029,4388.88 
2019/9/20,0.2131,4398.24 
2019/9/23,-0.9967,4354.40 
2019/9/24,0.2882,4366.95 
2019/9/25,-1.281,4311.01 
2019/9/26,-1.7168,4237.00 
2019/9/27,0.5377,4259.78 
2019/9/30,-1.0654,4214.40 
2019/10/8,0.3628,4229.69 
2019/10/9,0.4915,4250.48 
2019/10/10,1.0871,4296.68 
2019/10/11,0.593,4322.16 
2019/10/14,1.2654,4376.85 
2019/10/15,-0.8389,4340.14 
2019/10/16,-0.4248,4321.70 
2019/10/17,-0.0238,4320.67 
2019/10/18,-1.3619,4261.83 
2019/10/21,-0.0294,4260.58 
2019/10/22,0.75,4292.53 
2019/10/23,-0.681,4263.30 
2019/10/24,-0.0788,4259.94 
2019/10/25,0.6995,4289.74 
2019/10/28,1.3245,4346.56 
2019/10/29,-0.8533,4309.47 
2019/10/30,-0.7795,4275.88 
2019/10/31,-0.5134,4253.92 
2019/11/1,1.343,4311.05 
2019/11/4,0.583,4336.19 
2019/11/5,0.5031,4358.00 
2019/11/6,-0.6712,4328.75 
2019/11/7,0.3996,4346.05 
2019/11/8,-0.3922,4329.01 
2019/11/11,-2.0652,4239.61 
2019/11/12,0.1048,4244.05 
2019/11/13,-0.1479,4237.78 
2019/11/14,0.3985,4254.66 
2019/11/15,-0.9018,4216.29 
2019/11/18,0.7263,4246.92 
2019/11/19,1.3469,4304.12 
2019/11/20,-0.8019,4269.60 
2019/11/21,-0.2926,4257.11 
2019/11/22,-1.0377,4212.93 
2019/11/25,0.2278,4222.53 
2019/11/26,0.1032,4226.89 
2019/11/27,-0.1761,4219.44 
2019/11/28,-0.3238,4205.78 
2019/11/29,-0.4661,4186.18 
2019/12/2,0.1916,4194.20 
2019/12/3,0.4718,4213.99 
2019/12/4,0.0125,4214.52 
2019/12/5,0.9002,4252.46 
2019/12/6,0.6598,4280.51 
2019/12/9,0.0454,4282.46 
2019/12/10,0.317,4296.03 
2019/12/11,-0.1299,4290.45 
2019/12/12,-0.2294,4280.61 
2019/12/13,1.632,4350.47 
2019/12/16,1.0695,4397.00 
2019/12/17,1.3144,4454.79 
2019/12/18,-0.1075,4450.00 
2019/12/19,0.1074,4454.78 
2019/12/20,-0.633,4426.58 
2019/12/23,-1.6498,4353.55 
2019/12/24,1.1143,4402.06 
2019/12/25,0.199,4410.82 
2019/12/26,0.8101,4446.55 
2019/12/27,-0.4018,4428.68 
2019/12/30,1.1666,4480.35 
2019/12/31,0.4414,4500.13 
2020/1/2,1.591,4571.72 
2020/1/3,0.1055,4576.54 
2020/1/6,0.2055,4585.95 
2020/1/7,1.0329,4633.32 
2020/1/8,-1.2509,4575.36 
2020/1/9,1.4097,4639.86 
2020/1/10,-0.1387,4633.42 
2020/1/13,1.123,4685.46 
2020/1/14,-0.2733,4672.65 
2020/1/15,-0.3794,4654.92 
2020/1/16,-0.2945,4641.22 
2020/1/17,-0.085,4637.27 
2020/1/20,1.0213,4684.63 
2020/1/21,-1.3896,4619.53 
2020/1/22,0.4862,4641.99 
2020/1/23,-3.2966,4488.97 
2020/2/3,-8.1837,4121.60 
2020/2/4,1.7316,4192.97 
2020/2/5,1.9095,4273.04 
2020/2/6,2.4258,4376.69 
2020/2/7,0.4688,4397.21 
2020/2/10,0.8509,4434.63 
2020/2/11,0.1792,4442.58 
2020/2/12,1.3419,4502.19 
2020/2/13,-0.755,4468.20 
2020/2/14,0.4383,4487.78 
2020/2/17,2.7898,4612.98 
2020/2/18,0.5992,4640.62 
2020/2/19,-0.4873,4618.01 
2020/2/20,2.1283,4716.30 
2020/2/21,0.7455,4751.46 
2020/2/24,0.6061,4780.26 
2020/2/25,0.0808,4784.12 
2020/2/26,-1.8755,4694.39 
2020/2/27,0.2254,4704.98 
2020/2/28,-4.5054,4493.00 
2020/3/2,3.6183,4655.57 
2020/3/3,0.8896,4696.99 
2020/3/4,0.5254,4721.66 
2020/3/5,1.9249,4812.55 
2020/3/6,-1.0038,4764.24 
2020/3/9,-3.5947,4592.98 
2020/3/10,2.2887,4698.10 
2020/3/11,-1.2995,4637.04 
2020/3/12,-1.9367,4547.24 
2020/3/13,-1.1587,4494.55 
2020/3/16,-4.3975,4296.90 
2020/3/17,-0.3057,4283.77 
2020/3/18,-1.8008,4206.62 
2020/3/19,-0.2656,4195.45 
2020/3/20,1.4671,4257.00 
2020/3/23,-3.7976,4095.34 
2020/3/24,2.3081,4189.86 
2020/3/25,2.5697,4297.53 
2020/3/26,-0.7908,4263.54 
2020/3/27,-0.1347,4257.80 
2020/3/30,-1.5721,4190.86 
2020/3/31,0.2719,4202.25 
2020/4/1,-0.3914,4185.81 
2020/4/2,2.0055,4269.75 
2020/4/3,-0.5858,4244.74 
2020/4/7,2.7686,4362.26 
2020/4/8,-0.12,4357.03 
2020/4/9,0.6576,4385.68 
2020/4/10,-1.5123,4319.36 
2020/4/13,-0.6617,4290.77 
2020/4/14,2.0346,4378.07 
2020/4/15,-0.6255,4350.69 
2020/4/16,0.4172,4368.84 
2020/4/17,0.5211,4391.60 
2020/4/20,0.8218,4427.69 
2020/4/21,-0.8896,4388.31 
2020/4/22,0.8739,4426.65 
2020/4/23,-0.3914,4409.33 
2020/4/24,-1.3104,4351.55 
2020/4/27,0.1368,4357.50 
2020/4/28,-0.2621,4346.08 
2020/4/29,0.1465,4352.45 
2020/4/30,1.6977,4426.34 
2020/5/6,1.2268,4480.64 
2020/5/7,-0.2143,4471.04 
2020/5/8,1.0431,4517.68 
2020/5/11,-0.1468,4511.05 
2020/5/12,0.1116,4516.08 
2020/5/13,0.3917,4533.77 
2020/5/14,-0.9871,4489.02 
2020/5/15,0.0537,4491.43 
2020/5/18,-0.1021,4486.85 
2020/5/19,1.0459,4533.77 
2020/5/20,-0.7469,4499.91 
2020/5/21,-0.839,4462.15 
2020/5/22,-2.0619,4370.15 
2020/5/25,0.0341,4371.64 
2020/5/26,1.6375,4443.23 
2020/5/27,-0.6731,4413.32 
2020/5/28,0.0133,4413.91 
2020/5/29,0.5704,4439.09 
2020/6/1,2.8194,4564.25 
2020/6/2,0.2165,4574.13 
2020/6/3,0.0164,4574.88 
2020/6/4,0.0879,4578.90 
2020/6/5,0.2853,4591.96 
2020/6/8,0.1465,4598.69 
2020/6/9,0.6251,4627.44 
2020/6/10,-0.0598,4624.67 
2020/6/11,-0.7034,4592.14 
2020/6/12,0.1051,4596.96 
2020/6/15,-0.6623,4566.52 
2020/6/16,1.6796,4643.22 
2020/6/17,0.2738,4655.93 
2020/6/18,0.2504,4667.58 
2020/6/19,1.0781,4717.91 
2020/6/22,0.1703,4725.94 
2020/6/23,0.3706,4743.45 
2020/6/24,0.1029,4748.33 
2020/6/29,-0.5731,4721.12 
2020/6/30,1.5164,4792.71 
2020/7/1,1.184,4849.46 
2020/7/2,1.6835,4931.10 
2020/7/3,1.5667,5008.35 
2020/7/6,4.811,5249.30 
2020/7/7,1.0028,5301.94 
2020/7/8,1.9202,5403.75 
2020/7/9,2.0384,5513.90 
2020/7/10,-1.1072,5452.85 
2020/7/13,2.7721,5604.01 
2020/7/14,-0.9601,5550.20 
2020/7/15,-1.8806,5445.83 
2020/7/16,-4.9024,5178.85 
2020/7/17,0.4628,5202.82 
2020/7/20,3.0723,5362.66 
2020/7/21,0.4347,5385.97 
2020/7/22,0.6337,5420.11 
2020/7/23,-0.0402,5417.92 
2020/7/24,-4.5931,5169.07 
2020/7/27,0.2852,5183.82 
2020/7/28,1.0004,5235.68 
2020/7/29,2.5655,5370.00 
2020/7/30,-0.3383,5351.83 
2020/7/31,1.0767,5409.46 
2020/8/3,2.2101,5529.01 
2020/8/4,-0.2975,5512.57 
2020/8/5,0.5877,5544.96 
2020/8/6,-0.1669,5535.71 
2020/8/7,-1.1903,5469.81 
2020/8/10,0.3988,5491.63 
2020/8/11,-1.3986,5414.82 
2020/8/12,-0.9488,5363.44 
2020/8/13,0.0579,5366.55 
2020/8/14,1.2111,5431.54 
2020/8/17,2.1344,5547.48 
2020/8/18,0.3769,5568.39 
2020/8/19,-1.6832,5474.66 
2020/8/20,-1.2642,5405.45 
2020/8/21,0.782,5447.72 
2020/8/24,0.7904,5490.78 
2020/8/25,-0.1428,5482.94 
2020/8/26,-1.6271,5393.72 
2020/8/27,0.835,5438.76 
2020/8/28,1.8862,5541.35 
2020/8/31,-0.2911,5525.21 
2020/9/1,0.5662,5556.50 
2020/9/2,0.1474,5564.69 
2020/9/3,-0.7657,5522.08 
2020/9/4,-0.6666,5485.28 
2020/9/7,-1.9946,5375.87 
2020/9/8,0.6132,5408.83 
2020/9/9,-2.5955,5268.44 
2020/9/10,-1.4281,5193.20 
2020/9/11,1.2212,5256.62 
2020/9/14,0.8741,5302.57 
2020/9/15,0.6558,5337.35 
2020/9/16,-0.7411,5297.79 
2020/9/17,-0.1873,5287.87 
2020/9/18,1.8768,5387.11 
2020/9/21,-0.6022,5354.67 
2020/9/22,-1.264,5286.99 
2020/9/23,0.4665,5311.65 
2020/9/24,-2.2393,5192.71 
2020/9/25,-0.1043,5187.29 
2020/9/28,-0.4286,5165.06 
2020/9/29,0.5982,5195.96 
2020/9/30,-0.127,5189.36 
2020/10/9,2.5069,5319.45 
2020/10/12,3.0549,5481.95 
2020/10/13,0.3238,5499.70 
2020/10/14,-0.6696,5462.87 
2020/10/15,-0.4866,5436.29 
2020/10/16,-0.215,5424.60 
2020/10/19,-0.7603,5383.36 
2020/10/20,0.9187,5432.82 
2020/10/21,-0.6817,5395.78 
2020/10/22,-0.3935,5374.55 
2020/10/23,-1.4686,5295.62 
2020/10/26,-0.2033,5284.85 
2020/10/27,0.23,5297.00 
2020/10/28,0.5476,5326.01 
2020/10/29,0.3922,5346.90 
2020/10/30,-1.9773,5241.17 
2020/11/2,0.4915,5266.93 
2020/11/3,1.4593,5343.80 
2020/11/4,0.3267,5361.25 
2020/11/5,1.6359,5448.96 
2020/11/6,-0.4587,5423.96 
2020/11/9,2.0673,5536.09 
2020/11/10,-0.7585,5494.10 
2020/11/11,-1.2432,5425.80 
2020/11/12,0.1721,5435.14 
2020/11/13,-0.5955,5402.77 
2020/11/16,0.9987,5456.73 
2020/11/17,-0.525,5428.08 
2020/11/18,-0.0209,5426.94 
2020/11/19,0.6004,5459.53 
2020/11/20,0.5357,5488.77 
2020/11/23,0.9203,5539.28 
2020/11/24,-0.3282,5521.10 
2020/11/25,-1.495,5438.56 
2020/11/26,-0.1105,5432.55 
2020/11/27,0.6982,5470.48 
2020/11/30,-0.3652,5450.50 
2020/12/1,1.8362,5550.59 
2020/12/2,0.0943,5555.82 
2020/12/3,-0.1403,5548.02 
2020/12/4,0.3047,5564.93 
2020/12/7,-0.5924,5531.96 
2020/12/8,-0.1207,5525.28 
2020/12/9,-1.5607,5439.05 
2020/12/10,0.0321,5440.80 
2020/12/11,-1.2701,5371.69 
2020/12/14,0.9338,5421.86 
2020/12/15,0.2247,5434.04 
2020/12/16,-0.2131,5422.46 
2020/12/17,1.1296,5483.72 
2020/12/18,-0.3307,5465.58 
2020/12/21,1.3311,5538.33 
2020/12/22,-1.8642,5435.09 
2020/12/23,0.8388,5480.68 
2020/12/24,-0.8337,5434.99 
2020/12/25,0.9334,5485.72 
2020/12/28,-0.0348,5483.81 
2020/12/29,-0.5358,5454.43 
2020/12/30,1.2799,5524.24 
2020/12/31,1.7648,5621.73 
2021/1/4,1.609,5712.18 
2021/1/5,1.1989,5780.67 
2021/1/6,0.1841,5791.31 
2021/1/7,0.4911,5819.75 
2021/1/8,-0.2603,5804.60 
2021/1/11,-1.3428,5726.66 
2021/1/12,2.1714,5851.01 
2021/1/13,-0.662,5812.27 
2021/1/14,-1.3259,5735.21 
2021/1/15,0.0884,5740.28 
2021/1/18,1.3456,5817.52 
2021/1/19,-1.0647,5755.58 
2021/1/20,0.8479,5804.39 
2021/1/21,1.3841,5884.72 
2021/1/22,0.0106,5885.35 
2021/1/25,0.2836,5902.03 
2021/1/26,-1.8769,5791.26 
2021/1/27,0.2503,5805.76 
2021/1/28,-2.4199,5665.26 
2021/1/29,-0.8771,5615.57 
2021/2/1,0.9298,5667.79 
2021/2/2,1.3129,5742.20 
2021/2/3,-0.622,5706.48 
2021/2/4,-0.8077,5660.39 
2021/2/5,-0.5647,5628.43 
2021/2/8,1.3166,5702.53 
2021/2/9,2.17,5826.28 
2021/2/10,1.5845,5918.59 
2021/2/18,0.2031,5930.61 
2021/2/19,0.7893,5977.42 
2021/2/22,-1.9018,5863.74 
2021/2/23,-0.4067,5839.90 
2021/2/24,-1.9292,5727.23 
2021/2/25,0.0468,5729.91 
2021/2/26,-1.9589,5617.67 
2021/3/1,1.8885,5723.76 
2021/3/2,-1.0109,5665.90 
2021/3/3,1.6512,5759.45 
2021/3/4,-2.5672,5611.59 
2021/3/5,-0.072,5607.55 
2021/3/8,-2.8726,5446.47 
2021/3/9,-2.3744,5317.15 
2021/3/10,0.0888,5321.87 
2021/3/11,2.4505,5452.28 
2021/3/12,0.3096,5469.16 
2021/3/15,-1.5917,5382.11 
2021/3/16,0.8905,5430.04 
2021/3/17,0.5124,5457.86 
2021/3/18,0.6503,5493.35 
2021/3/19,-1.8881,5389.63 
2021/3/22,1.2388,5456.40 
2021/3/23,-1.0775,5397.61 
2021/3/24,-1.4569,5318.97 
2021/3/25,-0.0172,5318.06 
2021/3/26,2.0251,5425.75 
2021/3/29,0.1916,5436.15 
2021/3/30,0.5018,5463.43 
2021/3/31,-0.5442,5433.70 
2021/4/1,0.9938,5487.70 
2021/4/2,0.6741,5524.69 
2021/4/6,0.0506,5527.49 
2021/4/7,-0.3295,5509.27 
2021/4/8,-0.0046,5509.02 
2021/4/9,-0.9336,5457.59 
2021/4/12,-1.6956,5365.05 
2021/4/13,-0.2644,5350.87 
2021/4/14,1.0757,5408.43 
2021/4/15,-0.4773,5382.62 
2021/4/16,0.707,5420.68 
2021/4/19,2.0865,5533.78 
2021/4/20,-0.1309,5526.53 
2021/4/21,0.1015,5532.14 
2021/4/22,0.0748,5536.28 
2021/4/23,0.4316,5560.17 
2021/4/26,-0.8513,5512.84 
2021/4/27,0.048,5515.48 
2021/4/28,0.5985,5548.49 
2021/4/29,0.4357,5572.66 
2021/4/30,-0.5098,5544.26 
2021/5/6,-0.6177,5510.01 
2021/5/7,-1.1782,5445.09 
2021/5/10,0.1735,5454.54 
2021/5/11,0.3398,5473.07 
2021/5/12,0.7016,5511.47 
2021/5/13,-0.9324,5460.08 
2021/5/14,1.8695,5562.16 
2021/5/17,0.893,5611.83 
2021/5/18,0.1861,5622.27 
2021/5/19,-0.1793,5612.20 
2021/5/20,0.0351,5614.16 
2021/5/21,-0.5621,5582.61 
2021/5/24,0.5107,5611.12 
2021/5/25,2.228,5736.13 
2021/5/26,0.14,5744.16 
2021/5/27,0.5579,5776.21 
2021/5/28,-0.1941,5765.00 
2021/5/31,0.7696,5809.37 
2021/6/1,0.2793,5825.59 
2021/6/2,-1.0039,5767.11 
2021/6/3,-0.4575,5740.73 
2021/6/4,0.492,5768.97 
2021/6/7,0.195,5780.22 
2021/6/8,-0.7064,5739.39 
2021/6/9,0.1405,5747.46 
2021/6/10,0.8652,5797.19 
2021/6/11,-0.715,5755.73 
2021/6/15,-0.9762,5699.55 
2021/6/16,-1.7645,5598.98 
2021/6/17,0.793,5643.38 
2021/6/18,0.4619,5669.45 
2021/6/21,0.3739,5690.65 
2021/6/22,0.6089,5725.30 
2021/6/23,0.6092,5760.18 
2021/6/24,-0.2503,5745.76 
2021/6/25,1.1544,5812.08 
2021/6/28,0.4678,5839.27 
2021/6/29,-0.9209,5785.50 
2021/6/30,0.8416,5834.19 
2021/7/1,-0.5536,5801.89 
2021/7/2,-1.9752,5687.29 
2021/7/5,0.5881,5720.74 
2021/7/6,-0.1836,5710.24 
2021/7/7,1.2476,5781.48 
2021/7/8,-0.5622,5748.98 
2021/7/9,0.0546,5752.11 
2021/7/12,1.5261,5839.90 
2021/7/13,0.3626,5861.07 
2021/7/14,-1.0594,5798.98 
2021/7/15,0.7961,5845.15 
2021/7/16,-0.8488,5795.53 
2021/7/19,0.0479,5798.31 
2021/7/20,0.1315,5805.93 
2021/7/21,1.2013,5875.68 
2021/7/22,0.3889,5898.53 
2021/7/23,-1.1,5833.64 
2021/7/26,-2.378,5694.92 
2021/7/27,-3.1128,5517.65 
2021/7/28,-0.648,5481.89 
2021/7/29,2.5,5618.94 
2021/7/30,-0.1992,5607.75 
2021/8/2,2.1394,5727.72 
2021/8/3,-0.4873,5699.81 
2021/8/4,1.4177,5780.62 
2021/8/5,-0.5512,5748.75 
2021/8/6,-0.1836,5738.20 
2021/8/9,0.8301,5785.83 
2021/8/10,0.8889,5837.26 
2021/8/11,0.0779,5841.80 
2021/8/12,-0.3018,5824.18 
2021/8/13,-0.3338,5804.73 
2021/8/16,-0.4291,5779.83 
2021/8/17,-2.3059,5646.55 
2021/8/18,1.0108,5703.63 
2021/8/19,-0.1561,5694.73 
2021/8/20,-1.2026,5626.24 
2021/8/23,1.8585,5730.80 
2021/8/24,0.9658,5786.15 
2021/8/25,0.5299,5816.81 
2021/8/26,-1.4337,5733.42 
2021/8/27,0.4139,5757.15 
2021/8/30,0.099,5762.84 
2021/8/31,-0.0622,5759.26 
2021/9/1,0.0454,5761.87 
2021/9/2,0.6355,5798.48 
2021/9/3,-0.5279,5767.88 
2021/9/6,1.6286,5861.81 
2021/9/7,1.4012,5943.95 
2021/9/8,-0.0033,5943.76 
2021/9/9,0.1793,5954.42 
2021/9/10,0.4357,5980.36 
2021/9/13,0.0235,5981.76 
2021/9/14,-1.0229,5920.57 
2021/9/15,-0.1784,5910.01 
2021/9/16,-1.7412,5807.10 
2021/9/17,0.3566,5827.81 
2021/9/22,-0.054,5824.67 
2021/9/23,0.5049,5854.08 
2021/9/24,-0.7877,5807.96 
2021/9/27,-1.1048,5743.80 
2021/9/28,0.1558,5752.75 
2021/9/29,-1.9691,5639.47 
2021/9/30,1.4893,5723.46 
2021/10/8,0.8008,5769.29 
2021/10/11,-0.1976,5757.89 
2021/10/12,-1.5534,5668.45 
2021/10/13,0.9667,5723.25 
2021/10/14,0.0343,5725.21 
2021/10/15,0.2756,5740.99 
2021/10/18,-0.0742,5736.73 
2021/10/19,0.8517,5785.59 
2021/10/20,-0.112,5779.11 
2021/10/21,0.067,5782.98 
2021/10/22,-0.1304,5775.44 
2021/10/25,0.7744,5820.16 
2021/10/26,-0.3124,5801.98 
2021/10/27,-1.0716,5739.81 
2021/10/28,-1.2499,5668.07 
2021/10/29,1.2743,5740.29 
2021/11/1,0.2189,5752.86 
2021/11/2,-1.0173,5694.34 
2021/11/3,-0.1099,5688.08 
2021/11/4,1.0828,5749.67 
2021/11/5,-0.8208,5702.48 
2021/11/8,0.39,5724.72 
2021/11/9,0.5362,5755.41 
2021/11/10,-0.331,5736.36 
2021/11/11,1.2224,5806.49 
2021/11/12,0.2557,5821.34 
2021/11/15,-0.2618,5806.09 
2021/11/16,-0.4174,5781.86 
2021/11/17,0.7575,5825.66 
2021/11/18,-0.6481,5787.90 
2021/11/19,1.1346,5853.57 
2021/11/22,1.0423,5914.58 
2021/11/23,-0.0177,5913.53 
2021/11/24,-0.0263,5911.98 
2021/11/25,-0.2477,5897.33 
2021/11/26,-0.3615,5876.02 
2021/11/29,0.187,5887.00 
2021/11/30,0.0755,5891.45 
2021/12/1,0.2563,5906.55 
2021/12/2,-0.331,5887.00 
2021/12/3,0.8222,5935.40 
2021/12/6,-0.8025,5887.77 
2021/12/7,-0.307,5869.69 
2021/12/8,1.5463,5960.45 
2021/12/9,0.9166,6015.09 
2021/12/10,-0.1075,6008.62 
2021/12/13,0.5768,6043.28 
2021/12/14,-0.3531,6021.94 
2021/12/15,-0.4964,5992.05 
2021/12/16,0.6543,6031.25 
2021/12/17,-1.3258,5951.29 
2021/12/20,-1.5294,5860.27 
2021/12/21,0.9991,5918.82 
2021/12/22,0.3229,5937.93 
2021/12/23,0.3575,5959.16 
2021/12/24,-1.0491,5896.64 
2021/12/27,0.0088,5897.16 
2021/12/28,0.7166,5939.42 
2021/12/29,-0.911,5885.31 
2021/12/30,0.849,5935.27 
2021/12/31,0.5817,5969.80 
2022/1/4,-0.1852,5958.74 
2022/1/5,-1.5132,5868.58 
2022/1/6,-0.2223,5855.53 
2022/1/7,-0.7501,5811.61 
2022/1/10,0.4822,5839.64 
2022/1/11,-0.8929,5787.49 
2022/1/12,1.2063,5857.31 
2022/1/13,-1.5102,5768.85 
2022/1/14,-0.3922,5746.23 
2022/1/17,1.1813,5814.11 
2022/1/18,0.1586,5823.33 
2022/1/19,-0.6734,5784.12 
2022/1/20,-0.4772,5756.52 
2022/1/21,-1.0683,5695.02 
2022/1/24,0.1646,5704.39 
2022/1/25,-3.0242,5531.88 
2022/1/26,0.661,5568.44 
2022/1/27,-2.428,5433.24 
2022/1/28,-0.5031,5405.91 
2022/2/7,1.4527,5484.44 
2022/2/8,0.1101,5490.48 
2022/2/9,1.2787,5560.69 
2022/2/10,-0.2949,5544.29 
2022/2/11,-1.3116,5471.57 
2022/2/14,-0.7115,5432.64 
2022/2/15,1.0722,5490.89 
2022/2/16,0.5686,5522.11 
2022/2/17,0.1879,5532.49 
2022/2/18,0.5765,5564.38 
2022/2/21,0.3191,5582.13 
2022/2/22,-1.1376,5518.63 
2022/2/23,1.4983,5601.32 
2022/2/24,-2.1061,5483.35 
2022/2/25,0.9738,5536.75 
2022/2/28,0.3238,5554.68 
2022/3/1,0.6104,5588.58 
2022/3/2,-0.4291,5564.60 
2022/3/3,-0.5763,5532.53 
2022/3/4,-1.2231,5464.87 
2022/3/7,-2.5933,5323.15 
2022/3/8,-2.596,5184.96 
2022/3/9,-1.0983,5128.01 
2022/3/10,1.8035,5220.50 
2022/3/11,0.5289,5248.11 
2022/3/14,-2.8524,5098.41 
2022/3/15,-4.793,4854.05 
2022/3/16,3.8512,5040.99 
2022/3/17,1.8776,5135.63 
2022/3/18,0.8471,5179.14 
2022/3/21,0.4143,5200.60 
2022/3/22,-0.1717,5191.67 
2022/3/23,0.4854,5216.87 
2022/3/24,-0.8042,5174.91 
2022/3/25,-1.3884,5103.07 
2022/3/28,-0.4826,5078.44 
2022/3/29,-0.4988,5053.11 
2022/3/30,2.4071,5174.75 
2022/3/31,-0.7755,5134.62 
2022/4/1,0.7082,5170.98 
2022/4/6,-0.0662,5167.55 
2022/4/7,-1.7616,5076.52 
2022/4/8,0.0291,5078.00 
2022/4/11,-3.1869,4916.17 
2022/4/12,1.7453,5001.97 
2022/4/13,-1.3784,4933.02 
2022/4/14,1.2249,4993.45 
2022/4/15,-0.7155,4957.72 
2022/4/18,-0.0099,4957.23 
2022/4/19,-0.1953,4947.55 
2022/4/20,-1.6231,4867.24 
2022/4/21,-2.7923,4731.33 
2022/4/22,-0.2626,4718.91 
2022/4/25,-6.0611,4432.89 
2022/4/26,-1.8413,4351.27 
2022/4/27,3.5088,4503.95 
2022/4/28,-0.0573,4501.36 
2022/4/29,3.2359,4647.02 
2022/5/5,0.6418,4676.85 
2022/5/6,-2.0589,4580.55 
2022/5/9,0.1504,4587.44 
2022/5/10,1.4012,4651.72 
2022/5/11,1.1211,4703.87 
2022/5/12,0.0138,4704.52 
2022/5/13,0.7371,4739.19 
2022/5/16,-0.367,4721.80 
2022/5/17,0.8076,4759.94 
2022/5/18,-0.094,4755.46 
2022/5/19,0.4854,4778.54 
2022/5/20,1.6473,4857.26 
2022/5/23,0.2319,4868.52 
2022/5/24,-3.1712,4714.13 
2022/5/25,1.1668,4769.14 
2022/5/26,0.4827,4792.16 
2022/5/27,0.0654,4795.29 
2022/5/30,0.8211,4834.67 
2022/5/31,1.3926,4901.99 
2022/6/1,0.0561,4904.74 
2022/6/2,0.5396,4931.21 
2022/6/6,1.9537,5027.55 
2022/6/7,0.0755,5031.34 
2022/6/8,0.6026,5061.66 
2022/6/9,-1.3352,4994.07 
2022/6/10,1.7144,5079.69 
2022/6/13,-0.4262,5058.04 
2022/6/14,0.5149,5084.09 
2022/6/15,0.5483,5111.96 
2022/6/16,-0.0815,5107.80 
2022/6/17,1.1352,5165.79 
2022/6/20,0.6755,5200.68 
2022/6/21,-0.4423,5177.68 
2022/6/22,-1.2866,5111.06 
2022/6/23,1.9039,5208.37 
2022/6/24,1.1796,5269.81 
2022/6/27,1.003,5322.66 
2022/6/28,1.192,5386.11 
2022/6/29,-1.9417,5281.53 
2022/6/30,1.3121,5350.83 
2022/7/1,-0.2745,5336.14 
2022/7/4,0.8512,5381.56 
2022/7/5,-0.3224,5364.21 
2022/7/6,-1.3107,5293.90 
2022/7/7,0.6647,5329.09 
2022/7/8,-0.3859,5308.52 
2022/7/11,-1.455,5231.29 
2022/7/12,-1.2135,5167.81 
2022/7/13,0.5238,5194.87 
2022/7/14,0.4015,5215.73 
2022/7/15,-1.5802,5133.32 
2022/7/18,1.502,5210.42 
2022/7/19,0.0705,5214.09 
2022/7/20,0.7441,5252.89 
2022/7/21,-0.8759,5206.88 
2022/7/22,-0.2302,5194.89 
2022/7/25,-0.8281,5151.87 
2022/7/26,0.9654,5201.61 
2022/7/27,0.1488,5209.35 
2022/7/28,0.2885,5224.38 
2022/7/29,-0.9456,5174.98 
2022/8/1,0.6092,5206.50 
2022/8/2,-2.6386,5069.12 
2022/8/3,-0.8359,5026.75 
2022/8/4,0.8539,5069.67 
2022/8/5,1.4319,5142.27 
2022/8/8,0.5245,5169.24 
2022/8/9,0.293,5184.38 
2022/8/10,-0.5011,5158.40 
2022/8/11,1.6838,5245.26 
2022/8/12,-0.3121,5228.89 
2022/8/15,0.2455,5241.73 
2022/8/16,0.2361,5254.11 
2022/8/17,0.5796,5284.56 
2022/8/18,-0.3565,5265.72 
2022/8/19,-1.0634,5209.72 
2022/8/22,0.7873,5250.74 
2022/8/23,-0.0932,5245.85 
2022/8/24,-2.5796,5110.53 
2022/8/25,0.3335,5127.57 
2022/8/26,-0.3535,5109.44 
2022/8/29,0.0641,5112.72 
2022/8/30,-0.4621,5089.10 
2022/8/31,-1.4138,5017.15 
2022/9/1,-0.6667,4983.70 
2022/9/2,0.2229,4994.81 
2022/9/5,0.0875,4999.18 
2022/9/6,1.3555,5066.94 
2022/9/7,0.2751,5080.88 
2022/9/8,-0.6339,5048.68 
2022/9/9,0.7684,5087.47 
2022/9/13,0.1888,5097.08 
2022/9/14,-1.0403,5044.05 
2022/9/15,-1.8275,4951.87 
2022/9/16,-2.3324,4836.37 
2022/9/19,-0.5703,4808.79 
2022/9/20,0.6957,4842.25 
2022/9/21,-0.2835,4828.52 
2022/9/22,-0.5259,4803.13 
2022/9/23,-1.0914,4750.71 
2022/9/26,-0.9543,4705.37 
2022/9/27,1.7692,4788.62 
2022/9/28,-2.2529,4680.74 
2022/9/29,-0.0813,4676.93 
2022/9/30,-0.9677,4631.68 
2022/10/10,-2.0292,4537.69 
2022/10/11,0.4747,4559.23 
2022/10/12,2.1207,4655.92 
2022/10/13,-0.0953,4651.48 
2022/10/14,2.3764,4762.02 
2022/10/17,0.5986,4790.52 
2022/10/18,0.1042,4795.51 
2022/10/19,-1.2264,4736.70 
2022/10/20,-0.5223,4711.96 
2022/10/21,-0.1073,4706.91 
2022/10/24,-1.9794,4613.74 
2022/10/25,-0.2152,4603.81 
2022/10/26,1.36,4666.43 
2022/10/27,-0.551,4640.72 
2022/10/28,-2.9645,4503.14 
2022/10/31,-0.0669,4500.13 
2022/11/1,2.9842,4634.42 
2022/11/2,1.2439,4692.07 
2022/11/3,-0.1927,4683.03 
2022/11/4,2.6735,4808.23 
2022/11/7,0.2614,4820.80 
2022/11/8,-0.4302,4800.07 
2022/11/9,-0.5242,4774.90 
2022/11/10,-0.7107,4740.97 
2022/11/11,1.6088,4817.24 
2022/11/14,-0.1327,4810.85 
2022/11/15,1.9641,4905.34 
2022/11/16,-0.6679,4872.57 
2022/11/17,-0.0604,4869.63 
2022/11/18,-0.5508,4842.81 
2022/11/21,-0.2432,4831.03 
2022/11/22,-0.6686,4798.73 
2022/11/23,-0.1201,4792.97 
2022/11/24,-0.0823,4789.02 
2022/11/25,-0.2326,4777.88 
2022/11/28,-0.7254,4743.22 
2022/11/29,2.3658,4855.44 
2022/11/30,0.0494,4857.84 
2022/12/1,0.9177,4902.41 
2022/12/2,-0.1753,4893.82 
2022/12/5,1.2878,4956.84 
2022/12/6,0.1368,4963.62 
2022/12/7,-0.1136,4957.98 
2022/12/8,-0.2089,4947.63 
2022/12/9,0.5198,4973.35 
2022/12/12,-0.7382,4936.63 
2022/12/13,-0.3958,4917.09 
2022/12/14,-0.0682,4913.74 
2022/12/15,0.1235,4919.81 
2022/12/16,-0.4443,4897.95 
2022/12/19,-1.8586,4806.92 
2022/12/20,-1.1851,4749.95 
2022/12/21,-0.3406,4733.77 
2022/12/22,-0.6426,4703.35 
2022/12/23,-0.2877,4689.82 
2022/12/26,1.0587,4739.47 
2022/12/27,0.9003,4782.14 
2022/12/28,-0.6399,4751.54 
2022/12/29,-0.3033,4737.12 
2022/12/30,0.4116,4756.62 
2023/1/3,1.2466,4815.92 
2023/1/4,0.1153,4821.47 
2023/1/5,1.3702,4887.54 
2023/1/6,0.1576,4895.24 
2023/1/9,0.6795,4928.50 
2023/1/10,0.075,4932.20 
2023/1/11,-0.466,4909.22 
2023/1/12,0.1015,4914.20 
2023/1/13,0.9145,4959.14 
2023/1/16,1.2963,5023.43 
2023/1/17,-0.0275,5022.05 
2023/1/18,0.0776,5025.95 
2023/1/19,0.6645,5059.34 
2023/1/20,0.7399,5096.78 
2023/1/30,0.7073,5132.83 
2023/1/31,-0.3977,5112.41 
2023/2/1,1.2349,5175.55 
2023/2/2,-0.0584,5172.52 
2023/2/3,-0.5576,5143.68 
2023/2/6,-0.8449,5100.22 
2023/2/7,0.3301,5117.06 
2023/2/8,-0.5399,5089.44 
2023/2/9,1.4025,5160.82 
2023/2/10,-0.4144,5139.43 
2023/2/13,0.9476,5188.13 
2023/2/14,0.0779,5192.17 
2023/2/15,-0.2179,5180.86 
2023/2/16,-1.3713,5109.81 
2023/2/17,-1.0771,5054.77 
2023/2/20,1.9234,5152.00 
2023/2/21,0.3739,5171.26 
2023/2/22,-0.4232,5149.38 
2023/2/23,-0.1954,5139.31 
2023/2/24,-0.6561,5105.60 
2023/2/27,-0.5679,5076.60 
2023/2/28,0.7618,5115.27 
2023/3/1,1.0689,5169.95 
2023/3/2,-0.3044,5154.21 
2023/3/3,0.1471,5161.79 
2023/3/6,-0.1383,5154.66 
2023/3/7,-1.7176,5066.12 
2023/3/8,0.1055,5071.47 
2023/3/9,-0.1934,5061.66 
2023/3/10,-1.3463,4993.51 
2023/3/13,0.7513,5031.03 
2023/3/14,-0.8194,4989.80 
2023/3/15,0.3525,5007.39 
2023/3/16,-1.3915,4937.71 
2023/3/17,0.6068,4967.68 
2023/3/20,-0.3877,4948.42 
2023/3/21,1.2398,5009.77 
2023/3/22,0.4852,5034.08 
2023/3/23,0.6277,5065.68 
2023/3/24,-0.1054,5060.34 
2023/3/27,-0.0933,5055.62 
2023/3/28,-0.5655,5027.03 
2023/3/29,-0.1031,5021.84 
2023/3/30,0.3741,5040.63 
2023/3/31,0.6625,5074.03 
2023/4/3,1.0831,5128.98 
2023/4/4,-0.0725,5125.26 
2023/4/6,-0.0289,5123.78 
2023/4/7,0.7617,5162.81 
2023/4/10,-0.8028,5121.36 
2023/4/11,0.0665,5124.77 
2023/4/12,0.2904,5139.65 
2023/4/13,-0.6596,5105.75 
2023/4/14,0.5106,5131.82 
2023/4/17,0.7094,5168.22 
2023/4/18,-0.0193,5167.22 
2023/4/19,-0.6411,5134.10 
2023/4/20,-0.2078,5123.43 
2023/4/21,-2.3398,5003.55 
2023/4/24,-0.8889,4959.07 
2023/4/25,-1.1487,4902.10 
2023/4/26,0.2657,4915.13 
2023/4/27,0.3488,4932.27 
2023/4/28,1.3489,4998.81 
2023/5/4,0.2344,5010.52 
2023/5/5,-0.6774,4976.58 
2023/5/8,0.9065,5021.70 
2023/5/9,-1.1218,4965.36 
2023/5/10,-0.2753,4951.69 
2023/5/11,-0.0251,4950.45 
2023/5/12,-1.2444,4888.84 
2023/5/15,1.2167,4948.33 
2023/5/16,-0.7099,4913.20 
2023/5/17,0.0744,4916.86 
2023/5/18,0.1525,4924.36 
2023/5/19,-0.1498,4916.98 
2023/5/22,0.3557,4934.47 
2023/5/23,-1.2265,4873.94 
2023/5/24,-0.8273,4833.62 
2023/5/25,-0.1988,4824.01 
2023/5/26,0.3716,4841.93 
2023/5/29,-0.3514,4824.92 
2023/5/30,0.3382,4841.24 
2023/5/31,-0.5462,4814.79 
2023/6/1,0.2122,4825.01 
2023/6/2,1.0889,4877.55 
2023/6/5,-0.1166,4871.86 
2023/6/6,-1.4885,4799.35 
2023/6/7,-0.0953,4794.77 
2023/6/8,0.0933,4799.24 
2023/6/9,0.5784,4827.00 
2023/6/12,0.3699,4844.86 
2023/6/13,0.4427,4866.30 
2023/6/14,0.0864,4870.51 
2023/6/15,1.0515,4921.72 
2023/6/16,0.8892,4965.48 
2023/6/19,-0.314,4949.89 
2023/6/20,-0.1712,4941.42 
2023/6/21,-1.7889,4853.02 
2023/6/26,-1.6948,4770.78 
2023/6/27,1.2062,4828.32 
2023/6/28,-0.2629,4815.63 
2023/6/29,0.0634,4818.68 
2023/6/30,0.8552,4859.89 
2023/7/3,0.8385,4900.64 
2023/7/4,0.2866,4914.69 
2023/7/5,-0.7474,4877.96 
2023/7/6,-0.4301,4856.98 
2023/7/7,-0.5314,4831.17 
2023/7/10,0.2937,4845.36 
2023/7/11,0.7053,4879.53 
2023/7/12,-1.0063,4830.43 
2023/7/13,1.2629,4891.43 
2023/7/14,-0.0345,4889.74 
2023/7/17,-0.5494,4862.88 
